0.html,1.html,2.html,3.html,4.html,5.html,6.html,7.html,8.html,9.html,10.html,11.html,12.html,ads_viewed.html,emoji_sliders.html,liked_comments.html,liked_posts.html,polls.html,post_comments_1.html,post_viewed.html,posts_you're_not_interested_in.html,questions.html,quizzes.html,reels_comments.html,saved_collections.html,saved.posts.html,stories.html,story_likes.html,story_reaction_sticker_reactions.html,videos_watched.html
1612708812183031,1427615667454320,1935581736630419,391129144681014,1506955003251576,153692598658185,891502007900202,1557042981794068,1412731502329962,1718760738370609,1718760738370609,1629572421171800,829253787145710,"Jan 02, 2025 12:02 am",No timestamps found,No timestamps found,No timestamps found,No timestamps found,"Jan 04, 2025 11:29 am",File not found,No timestamps found,No timestamps found,No timestamps found,"Feb 25, 2024 10:52 am","Apr 01, 2023 4:14 am",File not found,No timestamps found,No timestamps found,No timestamps found,"Jan 01, 2025 2:28 pm"
PAGE_VIEW,CUSTOM,COMPLETE_REGISTRATION,PAGE_VIEW,PAGE_VIEW,VIEW_CONTENT,VIEW_CONTENT,PAGE_VIEW,VIEW_CONTENT,PAGE_VIEW,CUSTOM,VIEW_CONTENT,PURCHASE,"Jan 02, 2025 12:55 am",,,,,"Jan 04, 2025 10:20 am",,,,,,"Dec 04, 2023 10:00 pm",,,,,"Jan 02, 2025 12:02 am"
"Dec 30, 2024 2:00 am","Dec 28, 2024 11:38 am","Dec 12, 2024 4:00 pm","Dec 12, 2024 7:15 am","Nov 16, 2024 12:44 am","Jun 25, 2024 2:11 pm","Jun 25, 2024 10:51 am","May 22, 2024 3:04 pm","May 22, 2024 2:38 am","May 02, 2024 4:03 pm","May 02, 2024 3:51 pm","Apr 17, 2024 8:50 am","Feb 15, 2024 12:43 pm","Jan 02, 2025 3:23 am",,,,,"Jan 04, 2025 6:05 am",,,,,,"Jan 05, 2025 5:21 am",,,,,"Jan 02, 2025 12:55 am"
,1427615667454320,,391129144681014,,767646203364875,891502007900202,1557042981794068,,1718760738370609,,,,"Jan 02, 2025 4:25 am",,,,,"Jan 02, 2025 3:03 am",,,,,,"Jan 04, 2025 1:30 am",,,,,"Jan 02, 2025 12:55 am"
,CUSTOM,,PAGE_VIEW,,VIEW_CONTENT,PAGE_VIEW,PAGE_VIEW,,PAGE_VIEW,,,,"Jan 02, 2025 5:21 am",,,,,"Dec 22, 2024 2:08 pm",,,,,,"Jan 03, 2025 1:30 pm",,,,,"Jan 02, 2025 3:00 am"
,"Dec 20, 2024 3:22 am",,"Nov 21, 2024 10:15 am",,"Jun 21, 2024 7:00 am","Jun 25, 2024 10:32 am","May 20, 2024 8:26 am",,"May 02, 2024 3:59 pm",,,,"Jan 02, 2025 5:21 am",,,,,"Dec 06, 2024 7:07 am",,,,,,"Jan 03, 2025 10:22 am",,,,,"Jan 02, 2025 3:23 am"
,1427615667454320,,,,767646203364875,,1557042981794068,,,,,,"Jan 02, 2025 5:21 am",,,,,"Dec 03, 2024 2:21 am",,,,,,"Jan 03, 2025 10:22 am",,,,,"Jan 02, 2025 4:26 am"
,CUSTOM,,,,VIEW_CONTENT,,PAGE_VIEW,,,,,,"Jan 02, 2025 5:22 am",,,,,"Nov 15, 2024 8:45 am",,,,,,"Jan 02, 2025 9:20 am",,,,,"Jan 02, 2025 5:21 am"
,"Dec 16, 2024 4:21 am",,,,"Jun 21, 2024 6:59 am",,"May 20, 2024 6:47 am",,,,,,"Jan 02, 2025 5:22 am",,,,,"Nov 15, 2024 5:16 am",,,,,,"Dec 27, 2024 1:35 pm",,,,,"Jan 02, 2025 5:21 am"
,1427615667454320,,,,1622128261396026,,1557042981794068,,,,,,"Jan 02, 2025 12:16 pm",,,,,"Nov 12, 2024 5:08 am",,,,,,"Dec 25, 2024 5:31 pm",,,,,"Jan 02, 2025 5:21 am"
,ADD_TO_CART,,,,PURCHASE,,PAGE_VIEW,,,,,,"Jan 02, 2025 12:43 pm",,,,,"Nov 04, 2024 8:22 am",,,,,,"Dec 21, 2024 6:33 am",,,,,"Jan 02, 2025 5:22 am"
,"Dec 15, 2024 1:59 pm",,,,"May 02, 2024 4:03 pm",,"May 20, 2024 6:40 am",,,,,,"Jan 02, 2025 1:06 pm",,,,,"Oct 31, 2024 8:21 am",,,,,,"Dec 10, 2024 12:27 am",,,,,"Jan 02, 2025 5:25 am"
,1427615667454320,,,,1622128261396026,,1557042981794068,,,,,,"Jan 02, 2025 5:15 pm",,,,,"Oct 31, 2024 1:51 am",,,,,,"Dec 09, 2024 10:00 am",,,,,"Jan 02, 2025 6:41 am"
,CUSTOM,,,,ADD_TO_CART,,PAGE_VIEW,,,,,,"Jan 03, 2025 5:17 am",,,,,"Oct 30, 2024 4:11 am",,,,,,"Dec 07, 2024 1:53 pm",,,,,"Jan 02, 2025 7:17 am"
,"Dec 15, 2024 2:05 am",,,,"May 02, 2024 3:59 pm",,"May 20, 2024 6:05 am",,,,,,"Jan 03, 2025 5:17 am",,,,,"Oct 29, 2024 5:02 am",,,,,,"Dec 07, 2024 1:49 pm",,,,,"Jan 02, 2025 7:18 am"
,1427615667454320,,,,,,1557042981794068,,,,,,"Jan 03, 2025 6:20 am",,,,,"Oct 28, 2024 9:50 am",,,,,,"Dec 07, 2024 1:34 pm",,,,,"Jan 02, 2025 7:18 am"
,ACTIVATE_APP,,,,,,PAGE_VIEW,,,,,,"Jan 03, 2025 10:12 am",,,,,"Oct 22, 2024 2:26 am",,,,,,"Dec 04, 2024 9:03 am",,,,,"Jan 02, 2025 7:30 am"
,"Dec 05, 2024 6:31 am",,,,,,"May 20, 2024 5:59 am",,,,,,"Jan 03, 2025 10:13 am",,,,,"Oct 21, 2024 7:05 am",,,,,,"Dec 03, 2024 12:43 am",,,,,"Jan 02, 2025 12:15 pm"
,1427615667454320,,,,,,,,,,,,"Jan 03, 2025 10:20 am",,,,,"Oct 20, 2024 1:07 am",,,,,,"Dec 01, 2024 1:39 pm",,,,,"Jan 02, 2025 12:16 pm"
,CUSTOM,,,,,,,,,,,,"Jan 03, 2025 12:14 pm",,,,,"Oct 19, 2024 6:32 am",,,,,,"Nov 22, 2024 1:20 am",,,,,"Jan 02, 2025 12:16 pm"
,"Dec 05, 2024 4:26 am",,,,,,,,,,,,"Jan 03, 2025 3:08 pm",,,,,"Oct 19, 2024 2:22 am",,,,,,"Nov 09, 2024 12:11 am",,,,,"Jan 02, 2025 12:43 pm"
,1427615667454320,,,,,,,,,,,,"Jan 04, 2025 12:01 am",,,,,"Oct 16, 2024 11:44 am",,,,,,"Nov 09, 2024 12:07 am",,,,,"Jan 02, 2025 1:05 pm"
,CUSTOM,,,,,,,,,,,,"Jan 04, 2025 12:25 am",,,,,"Oct 12, 2024 1:36 am",,,,,,"Nov 09, 2024 12:05 am",,,,,"Jan 02, 2025 1:06 pm"
,"Dec 05, 2024 4:14 am",,,,,,,,,,,,"Jan 04, 2025 12:25 am",,,,,"Oct 11, 2024 12:31 pm",,,,,,"Nov 05, 2024 1:03 am",,,,,"Jan 02, 2025 1:06 pm"
,1427615667454320,,,,,,,,,,,,"Jan 04, 2025 12:27 am",,,,,"Oct 10, 2024 2:29 pm",,,,,,"Nov 05, 2024 12:58 am",,,,,"Jan 02, 2025 3:03 pm"
,CUSTOM,,,,,,,,,,,,"Jan 04, 2025 3:01 am",,,,,"Oct 10, 2024 2:27 pm",,,,,,"Oct 28, 2024 10:25 am",,,,,"Jan 02, 2025 5:15 pm"
,"Dec 05, 2024 3:59 am",,,,,,,,,,,,"Jan 04, 2025 3:03 am",,,,,"Oct 10, 2024 5:07 am",,,,,,"Oct 16, 2024 10:48 am",,,,,"Jan 02, 2025 9:39 pm"
,1427615667454320,,,,,,,,,,,,"Jan 04, 2025 3:05 am",,,,,"Oct 10, 2024 1:21 am",,,,,,"Sep 28, 2024 1:15 am",,,,,"Jan 03, 2025 12:34 am"
,CUSTOM,,,,,,,,,,,,"Jan 04, 2025 3:07 am",,,,,"Oct 09, 2024 8:59 am",,,,,,"Sep 22, 2024 5:18 am",,,,,"Jan 03, 2025 12:34 am"
,"Dec 04, 2024 11:43 pm",,,,,,,,,,,,"Jan 04, 2025 3:34 am",,,,,"Oct 09, 2024 6:27 am",,,,,,"Sep 12, 2024 1:02 am",,,,,"Jan 03, 2025 3:03 am"
,1427615667454320,,,,,,,,,,,,"Jan 04, 2025 3:35 am",,,,,"Oct 08, 2024 10:36 am",,,,,,"Aug 20, 2024 4:45 pm",,,,,"Jan 03, 2025 5:17 am"
,CUSTOM,,,,,,,,,,,,"Jan 04, 2025 3:47 am",,,,,"Oct 08, 2024 10:35 am",,,,,,"Aug 15, 2024 11:17 am",,,,,"Jan 03, 2025 5:17 am"
,"Dec 02, 2024 11:35 am",,,,,,,,,,,,"Jan 04, 2025 3:47 am",,,,,"Oct 08, 2024 9:06 am",,,,,,"Aug 14, 2024 1:57 am",,,,,"Jan 03, 2025 6:20 am"
,1427615667454320,,,,,,,,,,,,"Jan 04, 2025 3:48 am",,,,,"Oct 08, 2024 3:23 am",,,,,,"Jul 28, 2024 6:29 pm",,,,,"Jan 03, 2025 6:33 am"
,CUSTOM,,,,,,,,,,,,"Jan 04, 2025 3:48 am",,,,,"Oct 07, 2024 5:08 am",,,,,,"Jul 28, 2024 8:31 am",,,,,"Jan 03, 2025 10:11 am"
,"Oct 30, 2024 1:21 pm",,,,,,,,,,,,"Jan 04, 2025 3:49 am",,,,,"Oct 05, 2024 11:03 am",,,,,,"Jul 25, 2024 12:20 pm",,,,,"Jan 03, 2025 10:12 am"
,1427615667454320,,,,,,,,,,,,"Jan 04, 2025 4:05 am",,,,,"Oct 05, 2024 5:51 am",,,,,,"Jul 18, 2024 2:02 am",,,,,"Jan 03, 2025 12:14 pm"
,CUSTOM,,,,,,,,,,,,"Jan 04, 2025 6:05 am",,,,,"Oct 04, 2024 9:14 am",,,,,,"Jul 17, 2024 3:12 am",,,,,"Jan 03, 2025 3:08 pm"
,"Oct 26, 2024 1:05 am",,,,,,,,,,,,"Jan 04, 2025 6:06 am",,,,,"Oct 04, 2024 8:03 am",,,,,,"Jul 16, 2024 5:30 am",,,,,"Jan 03, 2025 3:09 pm"
,1427615667454320,,,,,,,,,,,,"Jan 04, 2025 6:06 am",,,,,"Oct 04, 2024 6:03 am",,,,,,"Jul 09, 2024 1:42 pm",,,,,"Jan 03, 2025 3:09 pm"
,CUSTOM,,,,,,,,,,,,"Jan 04, 2025 6:25 am",,,,,"Oct 04, 2024 4:14 am",,,,,,"Jul 09, 2024 5:13 am",,,,,"Jan 03, 2025 3:09 pm"
,"Oct 25, 2024 11:09 pm",,,,,,,,,,,,"Jan 04, 2025 7:29 am",,,,,"Oct 03, 2024 9:59 am",,,,,,"Jul 09, 2024 5:12 am",,,,,"Jan 03, 2025 3:36 pm"
,1427615667454320,,,,,,,,,,,,"Jan 04, 2025 7:29 am",,,,,"Oct 03, 2024 1:52 am",,,,,,"Jul 04, 2024 1:42 pm",,,,,"Jan 03, 2025 3:36 pm"
,CUSTOM,,,,,,,,,,,,"Jan 04, 2025 1:36 pm",,,,,"Oct 03, 2024 1:12 am",,,,,,"Jul 04, 2024 1:33 pm",,,,,"Jan 04, 2025 12:01 am"
,"Oct 16, 2024 12:04 pm",,,,,,,,,,,,"Jan 04, 2025 4:58 pm",,,,,"Oct 02, 2024 11:53 am",,,,,,"Jun 30, 2024 8:44 am",,,,,"Jan 04, 2025 12:08 am"
,1427615667454320,,,,,,,,,,,,"Jan 05, 2025 2:59 am",,,,,"Oct 02, 2024 11:53 am",,,,,,"Jun 30, 2024 7:03 am",,,,,"Jan 04, 2025 12:24 am"
,CUSTOM,,,,,,,,,,,,"Jan 05, 2025 6:22 am",,,,,"Oct 02, 2024 5:06 am",,,,,,"Jun 28, 2024 10:30 am",,,,,"Jan 04, 2025 12:24 am"
,"Oct 04, 2024 4:39 am",,,,,,,,,,,,"Jan 05, 2025 6:29 am",,,,,"Oct 01, 2024 8:24 am",,,,,,"Jun 26, 2024 5:53 pm",,,,,"Jan 04, 2025 12:24 am"
,1427615667454320,,,,,,,,,,,,"Jan 05, 2025 11:16 am",,,,,"Oct 01, 2024 5:23 am",,,,,,"Jun 26, 2024 4:05 pm",,,,,"Jan 04, 2025 12:24 am"
,ACTIVATE_APP,,,,,,,,,,,,"Jan 05, 2025 11:17 am",,,,,"Oct 01, 2024 2:25 am",,,,,,"Jun 26, 2024 3:50 pm",,,,,"Jan 04, 2025 12:25 am"
,"Sep 14, 2024 8:47 am",,,,,,,,,,,,"Jan 05, 2025 11:19 am",,,,,"Sep 27, 2024 7:07 am",,,,,,"Jun 26, 2024 5:37 am",,,,,"Jan 04, 2025 12:25 am"
,1427615667454320,,,,,,,,,,,,"Jan 05, 2025 11:19 am",,,,,"Sep 25, 2024 10:10 am",,,,,,"Jun 07, 2024 10:26 am",,,,,"Jan 04, 2025 12:26 am"
,CUSTOM,,,,,,,,,,,,"Jan 05, 2025 1:41 pm",,,,,"Sep 25, 2024 2:00 am",,,,,,"May 30, 2024 2:27 pm",,,,,"Jan 04, 2025 12:26 am"
,"Sep 14, 2024 8:30 am",,,,,,,,,,,,"Jan 05, 2025 1:56 pm",,,,,"Sep 23, 2024 12:20 pm",,,,,,"May 30, 2024 1:26 am",,,,,"Jan 04, 2025 12:27 am"
,1427615667454320,,,,,,,,,,,,"Jan 05, 2025 3:40 pm",,,,,"Sep 23, 2024 12:14 pm",,,,,,"May 19, 2024 3:52 pm",,,,,"Jan 04, 2025 12:27 am"
,ADD_TO_CART,,,,,,,,,,,,"Jan 05, 2025 3:40 pm",,,,,"Sep 22, 2024 4:35 am",,,,,,"May 19, 2024 3:52 pm",,,,,"Jan 04, 2025 12:28 am"
,"Aug 19, 2024 2:26 pm",,,,,,,,,,,,"Jan 05, 2025 5:43 pm",,,,,"Sep 21, 2024 12:53 pm",,,,,,"May 19, 2024 3:52 pm",,,,,"Jan 04, 2025 3:02 am"
,1427615667454320,,,,,,,,,,,,"Jan 05, 2025 6:00 pm",,,,,"Sep 21, 2024 10:07 am",,,,,,"May 19, 2024 3:52 pm",,,,,"Jan 04, 2025 3:03 am"
,CUSTOM,,,,,,,,,,,,"Jan 05, 2025 6:00 pm",,,,,"Sep 20, 2024 10:40 am",,,,,,"May 19, 2024 3:51 pm",,,,,"Jan 04, 2025 3:03 am"
,"Jun 24, 2024 2:28 pm",,,,,,,,,,,,"Jan 05, 2025 6:07 pm",,,,,"Sep 20, 2024 9:12 am",,,,,,"May 09, 2024 12:56 am",,,,,"Jan 04, 2025 3:03 am"
,1427615667454320,,,,,,,,,,,,"Jan 06, 2025 2:05 am",,,,,"Sep 20, 2024 6:33 am",,,,,,"May 08, 2024 10:34 am",,,,,"Jan 04, 2025 3:03 am"
,CUSTOM,,,,,,,,,,,,"Jan 06, 2025 2:05 am",,,,,"Sep 18, 2024 10:02 am",,,,,,"May 07, 2024 1:26 am",,,,,"Jan 04, 2025 3:03 am"
,"Jun 23, 2024 5:43 am",,,,,,,,,,,,"Jan 06, 2025 2:06 am",,,,,"Sep 18, 2024 1:35 am",,,,,,"May 07, 2024 12:18 am",,,,,"Jan 04, 2025 3:03 am"
,1427615667454320,,,,,,,,,,,,"Jan 06, 2025 2:28 am",,,,,"Sep 03, 2024 7:13 pm",,,,,,"May 02, 2024 12:20 pm",,,,,"Jan 04, 2025 3:03 am"
,CUSTOM,,,,,,,,,,,,"Jan 06, 2025 5:10 am",,,,,"Aug 29, 2024 9:29 am",,,,,,"Apr 29, 2024 6:48 am",,,,,"Jan 04, 2025 3:03 am"
,"Jun 23, 2024 5:19 am",,,,,,,,,,,,"Jan 06, 2025 5:29 am",,,,,"Aug 28, 2024 10:36 am",,,,,,"Apr 29, 2024 6:46 am",,,,,"Jan 04, 2025 3:05 am"
,,,,,,,,,,,,,"Jan 06, 2025 6:52 am",,,,,"Aug 24, 2024 10:44 am",,,,,,"Apr 28, 2024 2:31 pm",,,,,"Jan 04, 2025 3:05 am"
,,,,,,,,,,,,,"Jan 06, 2025 7:24 am",,,,,"Aug 23, 2024 9:29 am",,,,,,"Apr 25, 2024 10:47 am",,,,,"Jan 04, 2025 3:05 am"
,,,,,,,,,,,,,"Jan 06, 2025 7:24 am",,,,,"Aug 20, 2024 1:02 pm",,,,,,"Apr 23, 2024 2:21 pm",,,,,"Jan 04, 2025 3:05 am"
,,,,,,,,,,,,,"Jan 06, 2025 7:24 am",,,,,"Aug 15, 2024 6:01 am",,,,,,"Apr 22, 2024 3:33 pm",,,,,"Jan 04, 2025 3:05 am"
,,,,,,,,,,,,,"Jan 06, 2025 7:24 am",,,,,"Aug 14, 2024 1:55 am",,,,,,"Apr 17, 2024 7:34 am",,,,,"Jan 04, 2025 3:05 am"
,,,,,,,,,,,,,"Jan 06, 2025 9:56 am",,,,,"Aug 13, 2024 8:09 am",,,,,,"Apr 16, 2024 12:49 pm",,,,,"Jan 04, 2025 3:05 am"
,,,,,,,,,,,,,"Jan 06, 2025 11:38 am",,,,,"Aug 13, 2024 1:05 am",,,,,,"Apr 16, 2024 12:04 pm",,,,,"Jan 04, 2025 3:06 am"
,,,,,,,,,,,,,"Jan 06, 2025 12:56 pm",,,,,"Aug 13, 2024 1:03 am",,,,,,"Apr 14, 2024 12:41 am",,,,,"Jan 04, 2025 3:06 am"
,,,,,,,,,,,,,"Jan 06, 2025 12:56 pm",,,,,"Jul 05, 2024 3:09 am",,,,,,"Apr 11, 2024 8:57 am",,,,,"Jan 04, 2025 3:06 am"
,,,,,,,,,,,,,"Jan 06, 2025 12:57 pm",,,,,"May 19, 2024 12:46 pm",,,,,,"Apr 09, 2024 6:56 am",,,,,"Jan 04, 2025 3:07 am"
,,,,,,,,,,,,,"Jan 06, 2025 12:58 pm",,,,,"May 19, 2024 12:42 pm",,,,,,"Apr 05, 2024 10:34 am",,,,,"Jan 04, 2025 3:07 am"
,,,,,,,,,,,,,"Jan 06, 2025 3:39 pm",,,,,"May 15, 2024 8:25 am",,,,,,"Mar 31, 2024 7:41 am",,,,,"Jan 04, 2025 3:08 am"
,,,,,,,,,,,,,"Jan 06, 2025 11:59 pm",,,,,"May 13, 2024 11:28 pm",,,,,,"Mar 30, 2024 8:37 am",,,,,"Jan 04, 2025 3:08 am"
,,,,,,,,,,,,,"Jan 07, 2025 12:04 am",,,,,"May 05, 2024 2:35 am",,,,,,"Mar 22, 2024 2:51 pm",,,,,"Jan 04, 2025 3:08 am"
,,,,,,,,,,,,,"Jan 07, 2025 1:06 am",,,,,"May 02, 2024 5:58 am",,,,,,"Mar 19, 2024 6:44 am",,,,,"Jan 04, 2025 3:08 am"
,,,,,,,,,,,,,"Jan 07, 2025 6:02 am",,,,,"May 01, 2024 5:37 pm",,,,,,"Mar 15, 2024 8:47 am",,,,,"Jan 04, 2025 3:10 am"
,,,,,,,,,,,,,"Jan 07, 2025 6:07 am",,,,,"Apr 30, 2024 6:49 am",,,,,,"Feb 26, 2024 9:17 am",,,,,"Jan 04, 2025 3:10 am"
,,,,,,,,,,,,,"Jan 07, 2025 6:08 am",,,,,"Apr 23, 2024 1:52 am",,,,,,"Feb 09, 2024 6:59 am",,,,,"Jan 04, 2025 3:10 am"
,,,,,,,,,,,,,"Jan 07, 2025 6:49 am",,,,,"Apr 15, 2024 12:27 pm",,,,,,"Feb 08, 2024 3:42 am",,,,,"Jan 04, 2025 3:10 am"
,,,,,,,,,,,,,"Jan 07, 2025 6:49 am",,,,,"Apr 09, 2024 4:16 am",,,,,,"Feb 01, 2024 5:56 am",,,,,"Jan 04, 2025 3:10 am"
,,,,,,,,,,,,,"Jan 07, 2025 12:21 pm",,,,,"Mar 14, 2024 1:49 pm",,,,,,"Jan 27, 2024 11:14 am",,,,,"Jan 04, 2025 3:10 am"
,,,,,,,,,,,,,"Jan 07, 2025 1:55 pm",,,,,"Mar 07, 2024 2:34 am",,,,,,"Jan 20, 2024 6:30 am",,,,,"Jan 04, 2025 3:10 am"
,,,,,,,,,,,,,"Jan 07, 2025 1:59 pm",,,,,"Mar 06, 2024 1:39 am",,,,,,"Jan 20, 2024 12:52 am",,,,,"Jan 04, 2025 3:10 am"
,,,,,,,,,,,,,"Jan 07, 2025 3:26 pm",,,,,"Mar 01, 2024 1:08 pm",,,,,,"Jan 16, 2024 2:23 am",,,,,"Jan 04, 2025 3:11 am"
,,,,,,,,,,,,,"Jan 08, 2025 12:33 am",,,,,"Mar 01, 2024 6:28 am",,,,,,"Mar 24, 2023 1:05 am",,,,,"Jan 04, 2025 3:11 am"
,,,,,,,,,,,,,"Jan 08, 2025 12:35 am",,,,,"Mar 01, 2024 3:44 am",,,,,,"Aug 24, 2024 5:24 am",,,,,"Jan 04, 2025 3:11 am"
,,,,,,,,,,,,,"Jan 08, 2025 2:22 am",,,,,"Feb 29, 2024 2:03 am",,,,,,"Oct 05, 2024 11:24 pm",,,,,"Jan 04, 2025 3:11 am"
,,,,,,,,,,,,,"Jan 08, 2025 2:23 am",,,,,"Feb 18, 2024 8:21 am",,,,,,"Sep 09, 2024 12:01 am",,,,,"Jan 04, 2025 3:31 am"
,,,,,,,,,,,,,"Jan 08, 2025 2:26 am",,,,,,,,,,,"Aug 14, 2024 1:53 am",,,,,"Jan 04, 2025 3:33 am"
,,,,,,,,,,,,,"Jan 08, 2025 2:29 am",,,,,,,,,,,"Jul 30, 2024 12:16 am",,,,,"Jan 04, 2025 3:34 am"
,,,,,,,,,,,,,"Jan 08, 2025 2:30 am",,,,,,,,,,,"Jul 23, 2024 6:27 am",,,,,"Jan 04, 2025 3:48 am"
,,,,,,,,,,,,,"Jan 08, 2025 4:36 am",,,,,,,,,,,"Jul 04, 2024 5:03 pm",,,,,"Jan 04, 2025 3:48 am"
,,,,,,,,,,,,,"Jan 08, 2025 4:37 am",,,,,,,,,,,"Jun 23, 2024 2:22 am",,,,,"Jan 04, 2025 3:49 am"
,,,,,,,,,,,,,"Jan 08, 2025 4:38 am",,,,,,,,,,,"Jun 22, 2024 2:55 pm",,,,,"Jan 04, 2025 3:49 am"
,,,,,,,,,,,,,"Jan 08, 2025 4:38 am",,,,,,,,,,,"Jun 16, 2024 2:41 pm",,,,,"Jan 04, 2025 3:49 am"
,,,,,,,,,,,,,"Jan 08, 2025 6:37 am",,,,,,,,,,,"Jun 13, 2024 12:45 am",,,,,"Jan 04, 2025 4:01 am"
,,,,,,,,,,,,,"Jan 08, 2025 7:18 am",,,,,,,,,,,"Jun 12, 2024 1:48 am",,,,,"Jan 04, 2025 4:01 am"
,,,,,,,,,,,,,"Jan 08, 2025 7:18 am",,,,,,,,,,,"Jun 12, 2024 1:39 am",,,,,"Jan 04, 2025 4:01 am"
,,,,,,,,,,,,,"Jan 08, 2025 9:35 am",,,,,,,,,,,"Jun 05, 2024 5:01 am",,,,,"Jan 04, 2025 4:01 am"
,,,,,,,,,,,,,"Jan 08, 2025 9:37 am",,,,,,,,,,,"Jun 05, 2024 4:58 am",,,,,"Jan 04, 2025 4:02 am"
,,,,,,,,,,,,,"Jan 02, 2025 3:00 am",,,,,,,,,,,"Jun 05, 2024 4:57 am",,,,,"Jan 04, 2025 4:03 am"
,,,,,,,,,,,,,"Jan 02, 2025 4:24 am",,,,,,,,,,,"Jun 02, 2024 12:28 am",,,,,"Jan 04, 2025 4:03 am"
,,,,,,,,,,,,,"Jan 02, 2025 4:26 am",,,,,,,,,,,"May 30, 2024 3:43 am",,,,,"Jan 04, 2025 4:03 am"
,,,,,,,,,,,,,"Jan 02, 2025 5:19 am",,,,,,,,,,,"May 27, 2024 1:47 am",,,,,"Jan 04, 2025 4:04 am"
,,,,,,,,,,,,,"Jan 02, 2025 5:19 am",,,,,,,,,,,"May 27, 2024 12:56 am",,,,,"Jan 04, 2025 4:04 am"
,,,,,,,,,,,,,"Jan 02, 2025 5:21 am",,,,,,,,,,,"May 26, 2024 12:58 am",,,,,"Jan 04, 2025 4:05 am"
,,,,,,,,,,,,,"Jan 02, 2025 5:22 am",,,,,,,,,,,"May 22, 2024 10:19 am",,,,,"Jan 04, 2025 4:05 am"
,,,,,,,,,,,,,"Jan 02, 2025 5:22 am",,,,,,,,,,,"May 22, 2024 2:14 am",,,,,"Jan 04, 2025 4:05 am"
,,,,,,,,,,,,,"Jan 02, 2025 6:40 am",,,,,,,,,,,"Apr 22, 2024 3:28 pm",,,,,"Jan 04, 2025 4:05 am"
,,,,,,,,,,,,,"Jan 02, 2025 6:40 am",,,,,,,,,,,"Apr 11, 2024 9:38 am",,,,,"Jan 04, 2025 4:06 am"
,,,,,,,,,,,,,"Jan 02, 2025 7:15 am",,,,,,,,,,,"Apr 01, 2024 9:36 am",,,,,"Jan 04, 2025 4:06 am"
,,,,,,,,,,,,,"Jan 02, 2025 7:23 am",,,,,,,,,,,"Mar 22, 2024 2:36 pm",,,,,"Jan 04, 2025 4:07 am"
,,,,,,,,,,,,,"Jan 02, 2025 7:29 am",,,,,,,,,,,"Feb 17, 2024 1:32 pm",,,,,"Jan 04, 2025 4:09 am"
,,,,,,,,,,,,,"Jan 02, 2025 9:08 am",,,,,,,,,,,"Jul 16, 2024 2:59 pm",,,,,"Jan 04, 2025 6:05 am"
,,,,,,,,,,,,,"Jan 02, 2025 12:16 pm",,,,,,,,,,,"Sep 30, 2024 1:54 pm",,,,,"Jan 04, 2025 6:06 am"
,,,,,,,,,,,,,"Jan 02, 2025 1:03 pm",,,,,,,,,,,"Oct 21, 2024 7:06 am",,,,,"Jan 04, 2025 6:06 am"
,,,,,,,,,,,,,"Jan 02, 2025 2:09 pm",,,,,,,,,,,"Oct 19, 2024 11:36 pm",,,,,"Jan 04, 2025 6:06 am"
,,,,,,,,,,,,,"Jan 03, 2025 12:33 am",,,,,,,,,,,"Oct 18, 2024 11:17 am",,,,,"Jan 04, 2025 6:06 am"
,,,,,,,,,,,,,"Jan 03, 2025 12:34 am",,,,,,,,,,,"Oct 18, 2024 10:12 am",,,,,"Jan 04, 2025 6:23 am"
,,,,,,,,,,,,,"Jan 03, 2025 12:34 am",,,,,,,,,,,"Oct 18, 2024 10:11 am",,,,,"Jan 04, 2025 6:25 am"
,,,,,,,,,,,,,"Jan 03, 2025 5:17 am",,,,,,,,,,,"Oct 18, 2024 10:10 am",,,,,"Jan 04, 2025 6:25 am"
,,,,,,,,,,,,,"Jan 03, 2025 6:19 am",,,,,,,,,,,"Oct 18, 2024 10:08 am",,,,,"Jan 04, 2025 6:25 am"
,,,,,,,,,,,,,"Jan 03, 2025 8:14 am",,,,,,,,,,,"Oct 18, 2024 10:08 am",,,,,"Jan 04, 2025 6:25 am"
,,,,,,,,,,,,,"Jan 03, 2025 10:12 am",,,,,,,,,,,"Oct 18, 2024 10:07 am",,,,,"Jan 04, 2025 6:45 am"
,,,,,,,,,,,,,"Jan 03, 2025 10:12 am",,,,,,,,,,,"Oct 18, 2024 2:00 am",,,,,"Jan 04, 2025 6:46 am"
,,,,,,,,,,,,,"Jan 03, 2025 10:13 am",,,,,,,,,,,"Oct 17, 2024 8:27 am",,,,,"Jan 04, 2025 6:56 am"
,,,,,,,,,,,,,"Jan 03, 2025 10:13 am",,,,,,,,,,,"Oct 17, 2024 5:52 am",,,,,"Jan 04, 2025 6:56 am"
,,,,,,,,,,,,,"Jan 03, 2025 11:58 am",,,,,,,,,,,"Oct 17, 2024 5:52 am",,,,,"Jan 04, 2025 6:57 am"
,,,,,,,,,,,,,"Jan 03, 2025 11:58 am",,,,,,,,,,,"Oct 17, 2024 5:51 am",,,,,"Jan 04, 2025 8:18 am"
,,,,,,,,,,,,,"Jan 03, 2025 11:58 am",,,,,,,,,,,"Oct 17, 2024 5:51 am",,,,,"Jan 04, 2025 11:20 am"
,,,,,,,,,,,,,"Jan 03, 2025 11:58 am",,,,,,,,,,,"Oct 08, 2024 1:46 pm",,,,,"Jan 04, 2025 1:36 pm"
,,,,,,,,,,,,,"Jan 03, 2025 3:08 pm",,,,,,,,,,,"Oct 07, 2024 2:49 pm",,,,,"Jan 04, 2025 1:36 pm"
,,,,,,,,,,,,,"Jan 03, 2025 3:09 pm",,,,,,,,,,,"Oct 07, 2024 2:44 pm",,,,,"Jan 04, 2025 4:58 pm"
,,,,,,,,,,,,,"Jan 03, 2025 11:04 pm",,,,,,,,,,,"Oct 05, 2024 2:26 pm",,,,,"Jan 04, 2025 4:58 pm"
,,,,,,,,,,,,,"Jan 03, 2025 11:04 pm",,,,,,,,,,,"Oct 03, 2024 6:31 pm",,,,,"Jan 04, 2025 4:58 pm"
,,,,,,,,,,,,,"Jan 04, 2025 12:08 am",,,,,,,,,,,"Oct 03, 2024 10:17 am",,,,,"Jan 04, 2025 4:58 pm"
,,,,,,,,,,,,,"Jan 04, 2025 12:26 am",,,,,,,,,,,"Oct 02, 2024 7:03 am",,,,,"Jan 05, 2025 6:21 am"
,,,,,,,,,,,,,"Jan 04, 2025 12:26 am",,,,,,,,,,,"Sep 30, 2024 2:01 pm",,,,,"Jan 05, 2025 6:22 am"
,,,,,,,,,,,,,"Jan 04, 2025 12:27 am",,,,,,,,,,,"Sep 30, 2024 1:53 pm",,,,,"Jan 05, 2025 6:29 am"
,,,,,,,,,,,,,"Jan 04, 2025 12:27 am",,,,,,,,,,,"Sep 30, 2024 1:53 pm",,,,,"Jan 05, 2025 6:35 am"
,,,,,,,,,,,,,"Jan 04, 2025 12:27 am",,,,,,,,,,,"Sep 30, 2024 1:52 pm",,,,,"Jan 05, 2025 8:00 am"
,,,,,,,,,,,,,"Jan 04, 2025 12:47 am",,,,,,,,,,,"Sep 30, 2024 1:49 pm",,,,,"Jan 05, 2025 8:01 am"
,,,,,,,,,,,,,"Jan 04, 2025 12:47 am",,,,,,,,,,,"Sep 30, 2024 1:43 pm",,,,,"Jan 05, 2025 8:01 am"
,,,,,,,,,,,,,"Jan 04, 2025 3:02 am",,,,,,,,,,,"Sep 30, 2024 1:41 pm",,,,,"Jan 05, 2025 8:37 am"
,,,,,,,,,,,,,"Jan 04, 2025 3:03 am",,,,,,,,,,,"Sep 30, 2024 1:40 pm",,,,,"Jan 05, 2025 11:16 am"
,,,,,,,,,,,,,"Jan 04, 2025 3:03 am",,,,,,,,,,,"Sep 30, 2024 1:40 pm",,,,,"Jan 05, 2025 11:17 am"
,,,,,,,,,,,,,"Jan 04, 2025 3:03 am",,,,,,,,,,,"Sep 30, 2024 1:39 pm",,,,,"Jan 05, 2025 11:17 am"
,,,,,,,,,,,,,"Jan 04, 2025 3:03 am",,,,,,,,,,,"Sep 29, 2024 1:20 pm",,,,,"Jan 05, 2025 11:18 am"
,,,,,,,,,,,,,"Jan 04, 2025 3:05 am",,,,,,,,,,,"Sep 29, 2024 1:19 pm",,,,,"Jan 05, 2025 11:19 am"
,,,,,,,,,,,,,"Jan 04, 2025 3:05 am",,,,,,,,,,,"Sep 28, 2024 3:50 am",,,,,"Jan 05, 2025 11:19 am"
,,,,,,,,,,,,,"Jan 04, 2025 3:05 am",,,,,,,,,,,"Sep 22, 2024 5:18 am",,,,,"Jan 05, 2025 11:19 am"
,,,,,,,,,,,,,"Jan 04, 2025 3:05 am",,,,,,,,,,,"Sep 15, 2024 7:08 am",,,,,"Jan 05, 2025 11:20 am"
,,,,,,,,,,,,,"Jan 04, 2025 3:05 am",,,,,,,,,,,"Sep 06, 2024 1:38 pm",,,,,"Jan 05, 2025 11:20 am"
,,,,,,,,,,,,,"Jan 04, 2025 3:05 am",,,,,,,,,,,"Sep 03, 2024 8:00 am",,,,,"Jan 05, 2025 11:20 am"
,,,,,,,,,,,,,"Jan 04, 2025 3:06 am",,,,,,,,,,,"Aug 19, 2024 11:26 am",,,,,"Jan 05, 2025 11:20 am"
,,,,,,,,,,,,,"Jan 04, 2025 3:06 am",,,,,,,,,,,"Aug 12, 2024 5:24 pm",,,,,"Jan 05, 2025 11:20 am"
,,,,,,,,,,,,,"Jan 04, 2025 3:07 am",,,,,,,,,,,"Jul 17, 2024 3:09 am",,,,,"Jan 05, 2025 11:20 am"
,,,,,,,,,,,,,"Jan 04, 2025 3:07 am",,,,,,,,,,,"Jul 16, 2024 2:59 pm",,,,,"Jan 05, 2025 11:20 am"
,,,,,,,,,,,,,"Jan 04, 2025 3:09 am",,,,,,,,,,,,,,,,"Jan 05, 2025 11:20 am"
,,,,,,,,,,,,,"Jan 04, 2025 3:10 am",,,,,,,,,,,,,,,,"Jan 05, 2025 11:21 am"
,,,,,,,,,,,,,"Jan 04, 2025 3:11 am",,,,,,,,,,,,,,,,"Jan 05, 2025 11:21 am"
,,,,,,,,,,,,,"Jan 04, 2025 3:34 am",,,,,,,,,,,,,,,,"Jan 05, 2025 11:21 am"
,,,,,,,,,,,,,"Jan 04, 2025 3:34 am",,,,,,,,,,,,,,,,"Jan 05, 2025 11:21 am"
,,,,,,,,,,,,,"Jan 04, 2025 3:34 am",,,,,,,,,,,,,,,,"Jan 05, 2025 11:21 am"
,,,,,,,,,,,,,"Jan 04, 2025 3:35 am",,,,,,,,,,,,,,,,"Jan 05, 2025 1:40 pm"
,,,,,,,,,,,,,"Jan 04, 2025 3:47 am",,,,,,,,,,,,,,,,"Jan 05, 2025 1:40 pm"
,,,,,,,,,,,,,"Jan 04, 2025 3:47 am",,,,,,,,,,,,,,,,"Jan 05, 2025 1:41 pm"
,,,,,,,,,,,,,"Jan 04, 2025 3:48 am",,,,,,,,,,,,,,,,"Jan 05, 2025 1:41 pm"
,,,,,,,,,,,,,"Jan 04, 2025 3:48 am",,,,,,,,,,,,,,,,"Jan 05, 2025 1:55 pm"
,,,,,,,,,,,,,"Jan 04, 2025 3:48 am",,,,,,,,,,,,,,,,"Jan 05, 2025 1:56 pm"
,,,,,,,,,,,,,"Jan 04, 2025 4:02 am",,,,,,,,,,,,,,,,"Jan 05, 2025 1:57 pm"
,,,,,,,,,,,,,"Jan 04, 2025 4:03 am",,,,,,,,,,,,,,,,"Jan 05, 2025 1:57 pm"
,,,,,,,,,,,,,"Jan 04, 2025 4:05 am",,,,,,,,,,,,,,,,"Jan 05, 2025 1:58 pm"
,,,,,,,,,,,,,"Jan 04, 2025 4:05 am",,,,,,,,,,,,,,,,"Jan 05, 2025 1:59 pm"
,,,,,,,,,,,,,"Jan 04, 2025 4:05 am",,,,,,,,,,,,,,,,"Jan 05, 2025 3:40 pm"
,,,,,,,,,,,,,"Jan 04, 2025 6:05 am",,,,,,,,,,,,,,,,"Jan 05, 2025 3:40 pm"
,,,,,,,,,,,,,"Jan 04, 2025 6:06 am",,,,,,,,,,,,,,,,"Jan 05, 2025 6:00 pm"
,,,,,,,,,,,,,"Jan 04, 2025 6:23 am",,,,,,,,,,,,,,,,"Jan 05, 2025 6:00 pm"
,,,,,,,,,,,,,"Jan 04, 2025 6:23 am",,,,,,,,,,,,,,,,"Jan 05, 2025 6:07 pm"
,,,,,,,,,,,,,"Jan 04, 2025 6:23 am",,,,,,,,,,,,,,,,"Jan 05, 2025 6:07 pm"
,,,,,,,,,,,,,"Jan 04, 2025 6:24 am",,,,,,,,,,,,,,,,"Jan 05, 2025 6:07 pm"
,,,,,,,,,,,,,"Jan 04, 2025 6:25 am",,,,,,,,,,,,,,,,"Jan 05, 2025 6:11 pm"
,,,,,,,,,,,,,"Jan 04, 2025 6:25 am",,,,,,,,,,,,,,,,"Jan 05, 2025 6:12 pm"
,,,,,,,,,,,,,"Jan 04, 2025 7:29 am",,,,,,,,,,,,,,,,"Jan 06, 2025 2:03 am"
,,,,,,,,,,,,,"Jan 04, 2025 7:29 am",,,,,,,,,,,,,,,,"Jan 06, 2025 2:05 am"
,,,,,,,,,,,,,"Jan 04, 2025 1:36 pm",,,,,,,,,,,,,,,,"Jan 06, 2025 2:05 am"
,,,,,,,,,,,,,"Jan 04, 2025 4:56 pm",,,,,,,,,,,,,,,,"Jan 06, 2025 2:06 am"
,,,,,,,,,,,,,"Jan 04, 2025 5:46 pm",,,,,,,,,,,,,,,,"Jan 06, 2025 2:28 am"
,,,,,,,,,,,,,"Jan 05, 2025 6:21 am",,,,,,,,,,,,,,,,"Jan 06, 2025 5:10 am"
,,,,,,,,,,,,,"Jan 05, 2025 6:29 am",,,,,,,,,,,,,,,,"Jan 06, 2025 5:10 am"
,,,,,,,,,,,,,"Jan 05, 2025 6:34 am",,,,,,,,,,,,,,,,"Jan 06, 2025 5:10 am"
,,,,,,,,,,,,,"Jan 05, 2025 6:34 am",,,,,,,,,,,,,,,,"Jan 06, 2025 5:10 am"
,,,,,,,,,,,,,"Jan 05, 2025 6:34 am",,,,,,,,,,,,,,,,"Jan 06, 2025 5:29 am"
,,,,,,,,,,,,,"Jan 05, 2025 8:00 am",,,,,,,,,,,,,,,,"Jan 06, 2025 7:24 am"
,,,,,,,,,,,,,"Jan 05, 2025 11:15 am",,,,,,,,,,,,,,,,"Jan 06, 2025 7:24 am"
,,,,,,,,,,,,,"Jan 05, 2025 11:16 am",,,,,,,,,,,,,,,,"Jan 06, 2025 7:24 am"
,,,,,,,,,,,,,"Jan 05, 2025 11:17 am",,,,,,,,,,,,,,,,"Jan 06, 2025 7:24 am"
,,,,,,,,,,,,,"Jan 05, 2025 11:17 am",,,,,,,,,,,,,,,,"Jan 06, 2025 7:25 am"
,,,,,,,,,,,,,"Jan 05, 2025 11:19 am",,,,,,,,,,,,,,,,"Jan 06, 2025 7:25 am"
,,,,,,,,,,,,,"Jan 05, 2025 11:20 am",,,,,,,,,,,,,,,,"Jan 06, 2025 7:25 am"
,,,,,,,,,,,,,"Jan 05, 2025 11:20 am",,,,,,,,,,,,,,,,"Jan 06, 2025 7:31 am"
,,,,,,,,,,,,,"Jan 05, 2025 11:20 am",,,,,,,,,,,,,,,,"Jan 06, 2025 9:56 am"
,,,,,,,,,,,,,"Jan 05, 2025 11:21 am",,,,,,,,,,,,,,,,"Jan 06, 2025 9:57 am"
,,,,,,,,,,,,,"Jan 05, 2025 1:55 pm",,,,,,,,,,,,,,,,"Jan 06, 2025 11:36 am"
,,,,,,,,,,,,,"Jan 05, 2025 1:57 pm",,,,,,,,,,,,,,,,"Jan 06, 2025 11:38 am"
,,,,,,,,,,,,,"Jan 05, 2025 1:58 pm",,,,,,,,,,,,,,,,"Jan 06, 2025 12:56 pm"
,,,,,,,,,,,,,"Jan 05, 2025 1:58 pm",,,,,,,,,,,,,,,,"Jan 06, 2025 12:56 pm"
,,,,,,,,,,,,,"Jan 05, 2025 3:40 pm",,,,,,,,,,,,,,,,"Jan 06, 2025 12:57 pm"
,,,,,,,,,,,,,"Jan 05, 2025 4:01 pm",,,,,,,,,,,,,,,,"Jan 06, 2025 2:34 pm"
,,,,,,,,,,,,,"Jan 05, 2025 5:42 pm",,,,,,,,,,,,,,,,"Jan 06, 2025 3:39 pm"
,,,,,,,,,,,,,"Jan 05, 2025 6:00 pm",,,,,,,,,,,,,,,,"Jan 06, 2025 11:03 pm"
,,,,,,,,,,,,,"Jan 05, 2025 6:06 pm",,,,,,,,,,,,,,,,"Jan 06, 2025 11:59 pm"
,,,,,,,,,,,,,"Jan 05, 2025 6:06 pm",,,,,,,,,,,,,,,,"Jan 07, 2025 12:04 am"
,,,,,,,,,,,,,"Jan 05, 2025 6:06 pm",,,,,,,,,,,,,,,,"Jan 07, 2025 6:49 am"
,,,,,,,,,,,,,"Jan 05, 2025 6:07 pm",,,,,,,,,,,,,,,,"Jan 07, 2025 6:49 am"
,,,,,,,,,,,,,"Jan 05, 2025 6:07 pm",,,,,,,,,,,,,,,,"Jan 07, 2025 12:21 pm"
,,,,,,,,,,,,,"Jan 05, 2025 6:07 pm",,,,,,,,,,,,,,,,"Jan 07, 2025 1:59 pm"
,,,,,,,,,,,,,"Jan 05, 2025 6:11 pm",,,,,,,,,,,,,,,,"Jan 07, 2025 1:59 pm"
,,,,,,,,,,,,,"Jan 06, 2025 2:05 am",,,,,,,,,,,,,,,,"Jan 07, 2025 2:00 pm"
,,,,,,,,,,,,,"Jan 06, 2025 2:05 am",,,,,,,,,,,,,,,,"Jan 07, 2025 3:26 pm"
,,,,,,,,,,,,,"Jan 06, 2025 2:06 am",,,,,,,,,,,,,,,,"Jan 07, 2025 11:20 pm"
,,,,,,,,,,,,,"Jan 06, 2025 2:27 am",,,,,,,,,,,,,,,,"Jan 08, 2025 12:23 am"
,,,,,,,,,,,,,"Jan 06, 2025 2:28 am",,,,,,,,,,,,,,,,"Jan 08, 2025 12:33 am"
,,,,,,,,,,,,,"Jan 06, 2025 5:10 am",,,,,,,,,,,,,,,,"Jan 08, 2025 12:33 am"
,,,,,,,,,,,,,"Jan 06, 2025 7:24 am",,,,,,,,,,,,,,,,"Jan 08, 2025 12:34 am"
,,,,,,,,,,,,,"Jan 06, 2025 7:24 am",,,,,,,,,,,,,,,,"Jan 08, 2025 12:36 am"
,,,,,,,,,,,,,"Jan 06, 2025 7:25 am",,,,,,,,,,,,,,,,"Jan 08, 2025 2:21 am"
,,,,,,,,,,,,,"Jan 06, 2025 7:25 am",,,,,,,,,,,,,,,,"Jan 08, 2025 2:22 am"
,,,,,,,,,,,,,"Jan 06, 2025 7:25 am",,,,,,,,,,,,,,,,"Jan 08, 2025 2:23 am"
,,,,,,,,,,,,,"Jan 06, 2025 7:25 am",,,,,,,,,,,,,,,,"Jan 08, 2025 2:24 am"
,,,,,,,,,,,,,"Jan 06, 2025 9:55 am",,,,,,,,,,,,,,,,"Jan 08, 2025 2:30 am"
,,,,,,,,,,,,,"Jan 06, 2025 10:56 am",,,,,,,,,,,,,,,,"Jan 08, 2025 2:31 am"
,,,,,,,,,,,,,"Jan 06, 2025 11:35 am",,,,,,,,,,,,,,,,"Jan 08, 2025 2:31 am"
,,,,,,,,,,,,,"Jan 06, 2025 12:55 pm",,,,,,,,,,,,,,,,"Jan 08, 2025 2:31 am"
,,,,,,,,,,,,,"Jan 06, 2025 12:56 pm",,,,,,,,,,,,,,,,"Jan 08, 2025 2:31 am"
,,,,,,,,,,,,,"Jan 06, 2025 12:56 pm",,,,,,,,,,,,,,,,"Jan 08, 2025 2:31 am"
,,,,,,,,,,,,,"Jan 06, 2025 12:57 pm",,,,,,,,,,,,,,,,"Jan 08, 2025 3:04 am"
,,,,,,,,,,,,,"Jan 06, 2025 12:57 pm",,,,,,,,,,,,,,,,"Jan 08, 2025 4:34 am"
,,,,,,,,,,,,,"Jan 06, 2025 2:03 pm",,,,,,,,,,,,,,,,"Jan 08, 2025 4:34 am"
,,,,,,,,,,,,,"Jan 06, 2025 3:39 pm",,,,,,,,,,,,,,,,"Jan 08, 2025 4:35 am"
,,,,,,,,,,,,,"Jan 06, 2025 3:39 pm",,,,,,,,,,,,,,,,"Jan 08, 2025 4:36 am"
,,,,,,,,,,,,,"Jan 06, 2025 11:01 pm",,,,,,,,,,,,,,,,"Jan 08, 2025 4:36 am"
,,,,,,,,,,,,,"Jan 06, 2025 11:58 pm",,,,,,,,,,,,,,,,"Jan 08, 2025 4:37 am"
,,,,,,,,,,,,,"Jan 07, 2025 1:05 am",,,,,,,,,,,,,,,,"Jan 08, 2025 4:37 am"
,,,,,,,,,,,,,"Jan 07, 2025 1:05 am",,,,,,,,,,,,,,,,"Jan 08, 2025 4:37 am"
,,,,,,,,,,,,,"Jan 07, 2025 6:01 am",,,,,,,,,,,,,,,,"Jan 08, 2025 4:38 am"
,,,,,,,,,,,,,"Jan 07, 2025 6:01 am",,,,,,,,,,,,,,,,"Jan 08, 2025 4:38 am"
,,,,,,,,,,,,,"Jan 07, 2025 6:02 am",,,,,,,,,,,,,,,,"Jan 08, 2025 4:38 am"
,,,,,,,,,,,,,"Jan 07, 2025 6:48 am",,,,,,,,,,,,,,,,"Jan 08, 2025 4:38 am"
,,,,,,,,,,,,,"Jan 07, 2025 6:49 am",,,,,,,,,,,,,,,,"Jan 08, 2025 4:38 am"
,,,,,,,,,,,,,"Jan 07, 2025 6:49 am",,,,,,,,,,,,,,,,"Jan 08, 2025 4:39 am"
,,,,,,,,,,,,,"Jan 07, 2025 12:08 pm",,,,,,,,,,,,,,,,"Jan 08, 2025 4:39 am"
,,,,,,,,,,,,,"Jan 07, 2025 12:09 pm",,,,,,,,,,,,,,,,"Jan 08, 2025 6:37 am"
,,,,,,,,,,,,,"Jan 07, 2025 12:53 pm",,,,,,,,,,,,,,,,"Jan 08, 2025 6:37 am"
,,,,,,,,,,,,,"Jan 07, 2025 1:13 pm",,,,,,,,,,,,,,,,"Jan 08, 2025 6:38 am"
,,,,,,,,,,,,,"Jan 07, 2025 1:53 pm",,,,,,,,,,,,,,,,"Jan 08, 2025 7:18 am"
,,,,,,,,,,,,,"Jan 07, 2025 1:57 pm",,,,,,,,,,,,,,,,"Jan 08, 2025 7:18 am"
,,,,,,,,,,,,,"Jan 07, 2025 1:59 pm",,,,,,,,,,,,,,,,"Jan 08, 2025 7:18 am"
,,,,,,,,,,,,,"Jan 07, 2025 3:25 pm",,,,,,,,,,,,,,,,"Jan 08, 2025 7:18 am"
,,,,,,,,,,,,,"Jan 07, 2025 3:50 pm",,,,,,,,,,,,,,,,"Jan 08, 2025 9:35 am"
,,,,,,,,,,,,,"Jan 07, 2025 11:20 pm",,,,,,,,,,,,,,,,"Jan 08, 2025 9:35 am"
,,,,,,,,,,,,,"Jan 08, 2025 12:31 am",,,,,,,,,,,,,,,,"Jan 08, 2025 9:35 am"
,,,,,,,,,,,,,"Jan 08, 2025 12:33 am",,,,,,,,,,,,,,,,"Jan 08, 2025 9:35 am"
,,,,,,,,,,,,,"Jan 08, 2025 12:33 am",,,,,,,,,,,,,,,,"Jan 08, 2025 9:36 am"
,,,,,,,,,,,,,"Jan 08, 2025 12:34 am",,,,,,,,,,,,,,,,"Jan 08, 2025 9:36 am"
,,,,,,,,,,,,,"Jan 08, 2025 12:35 am",,,,,,,,,,,,,,,,"Jan 08, 2025 9:37 am"
,,,,,,,,,,,,,"Jan 08, 2025 12:35 am",,,,,,,,,,,,,,,,"Jan 08, 2025 9:41 am"
,,,,,,,,,,,,,"Jan 08, 2025 12:35 am",,,,,,,,,,,,,,,,"Jan 08, 2025 9:41 am"
,,,,,,,,,,,,,"Jan 08, 2025 2:22 am",,,,,,,,,,,,,,,,"Jan 08, 2025 9:41 am"
,,,,,,,,,,,,,"Jan 08, 2025 2:23 am",,,,,,,,,,,,,,,,"Jan 08, 2025 9:41 am"
,,,,,,,,,,,,,"Jan 08, 2025 2:23 am",,,,,,,,,,,,,,,,"Jan 08, 2025 9:50 am"
,,,,,,,,,,,,,"Jan 08, 2025 2:28 am",,,,,,,,,,,,,,,,"Jan 08, 2025 9:50 am"
,,,,,,,,,,,,,"Jan 08, 2025 2:30 am",,,,,,,,,,,,,,,,"Jan 01, 2025 2:14 pm"
,,,,,,,,,,,,,"Jan 08, 2025 2:56 am",,,,,,,,,,,,,,,,"Jan 01, 2025 2:28 pm"
,,,,,,,,,,,,,"Jan 08, 2025 2:56 am",,,,,,,,,,,,,,,,"Jan 01, 2025 4:04 pm"
,,,,,,,,,,,,,"Jan 08, 2025 4:34 am",,,,,,,,,,,,,,,,"Jan 02, 2025 12:02 am"
,,,,,,,,,,,,,"Jan 08, 2025 4:35 am",,,,,,,,,,,,,,,,"Jan 02, 2025 3:00 am"
,,,,,,,,,,,,,"Jan 08, 2025 4:37 am",,,,,,,,,,,,,,,,"Jan 02, 2025 3:00 am"
,,,,,,,,,,,,,"Jan 08, 2025 4:37 am",,,,,,,,,,,,,,,,"Jan 02, 2025 3:23 am"
,,,,,,,,,,,,,"Jan 08, 2025 4:38 am",,,,,,,,,,,,,,,,"Jan 02, 2025 4:24 am"
,,,,,,,,,,,,,"Jan 08, 2025 4:38 am",,,,,,,,,,,,,,,,"Jan 02, 2025 4:26 am"
,,,,,,,,,,,,,"Jan 08, 2025 4:38 am",,,,,,,,,,,,,,,,"Jan 02, 2025 5:19 am"
,,,,,,,,,,,,,"Jan 08, 2025 5:17 am",,,,,,,,,,,,,,,,"Jan 02, 2025 5:19 am"
,,,,,,,,,,,,,"Jan 08, 2025 7:17 am",,,,,,,,,,,,,,,,"Jan 02, 2025 5:19 am"
,,,,,,,,,,,,,"Jan 08, 2025 9:35 am",,,,,,,,,,,,,,,,"Jan 02, 2025 5:21 am"
,,,,,,,,,,,,,"Jan 08, 2025 9:35 am",,,,,,,,,,,,,,,,"Jan 02, 2025 5:22 am"
,,,,,,,,,,,,,"Jan 08, 2025 9:35 am",,,,,,,,,,,,,,,,"Jan 02, 2025 5:22 am"
,,,,,,,,,,,,,"Jan 08, 2025 9:35 am",,,,,,,,,,,,,,,,"Jan 02, 2025 6:40 am"
,,,,,,,,,,,,,"Jan 08, 2025 9:35 am",,,,,,,,,,,,,,,,"Jan 02, 2025 6:40 am"
,,,,,,,,,,,,,"Jan 08, 2025 9:35 am",,,,,,,,,,,,,,,,"Jan 02, 2025 7:15 am"
,,,,,,,,,,,,,"Jan 08, 2025 9:37 am",,,,,,,,,,,,,,,,"Jan 02, 2025 7:15 am"
,,,,,,,,,,,,,"Jan 08, 2025 9:41 am",,,,,,,,,,,,,,,,"Jan 02, 2025 7:23 am"
,,,,,,,,,,,,,"Jan 08, 2025 9:42 am",,,,,,,,,,,,,,,,"Jan 02, 2025 7:23 am"
,,,,,,,,,,,,,,,,,,,,,,,,,,,,,"Jan 02, 2025 9:08 am"
,,,,,,,,,,,,,,,,,,,,,,,,,,,,,"Jan 02, 2025 9:08 am"
,,,,,,,,,,,,,,,,,,,,,,,,,,,,,"Jan 02, 2025 10:09 am"
,,,,,,,,,,,,,,,,,,,,,,,,,,,,,"Jan 02, 2025 12:16 pm"
,,,,,,,,,,,,,,,,,,,,,,,,,,,,,"Jan 02, 2025 12:16 pm"
,,,,,,,,,,,,,,,,,,,,,,,,,,,,,"Jan 02, 2025 1:02 pm"
,,,,,,,,,,,,,,,,,,,,,,,,,,,,,"Jan 02, 2025 1:03 pm"
,,,,,,,,,,,,,,,,,,,,,,,,,,,,,"Jan 02, 2025 2:09 pm"
,,,,,,,,,,,,,,,,,,,,,,,,,,,,,"Jan 02, 2025 2:09 pm"
,,,,,,,,,,,,,,,,,,,,,,,,,,,,,"Jan 02, 2025 2:09 pm"
,,,,,,,,,,,,,,,,,,,,,,,,,,,,,"Jan 02, 2025 5:15 pm"
,,,,,,,,,,,,,,,,,,,,,,,,,,,,,"Jan 03, 2025 12:33 am"
,,,,,,,,,,,,,,,,,,,,,,,,,,,,,"Jan 03, 2025 12:33 am"
,,,,,,,,,,,,,,,,,,,,,,,,,,,,,"Jan 03, 2025 5:14 am"
,,,,,,,,,,,,,,,,,,,,,,,,,,,,,"Jan 03, 2025 5:17 am"
,,,,,,,,,,,,,,,,,,,,,,,,,,,,,"Jan 03, 2025 5:17 am"
,,,,,,,,,,,,,,,,,,,,,,,,,,,,,"Jan 03, 2025 5:17 am"
,,,,,,,,,,,,,,,,,,,,,,,,,,,,,"Jan 03, 2025 8:14 am"
,,,,,,,,,,,,,,,,,,,,,,,,,,,,,"Jan 03, 2025 8:14 am"
,,,,,,,,,,,,,,,,,,,,,,,,,,,,,"Jan 03, 2025 10:12 am"
,,,,,,,,,,,,,,,,,,,,,,,,,,,,,"Jan 03, 2025 10:12 am"
,,,,,,,,,,,,,,,,,,,,,,,,,,,,,"Jan 03, 2025 11:58 am"
,,,,,,,,,,,,,,,,,,,,,,,,,,,,,"Jan 03, 2025 3:08 pm"
,,,,,,,,,,,,,,,,,,,,,,,,,,,,,"Jan 03, 2025 3:09 pm"
,,,,,,,,,,,,,,,,,,,,,,,,,,,,,"Jan 03, 2025 3:09 pm"
,,,,,,,,,,,,,,,,,,,,,,,,,,,,,"Jan 03, 2025 3:09 pm"
,,,,,,,,,,,,,,,,,,,,,,,,,,,,,"Jan 03, 2025 3:09 pm"
,,,,,,,,,,,,,,,,,,,,,,,,,,,,,"Jan 03, 2025 3:36 pm"
,,,,,,,,,,,,,,,,,,,,,,,,,,,,,"Jan 03, 2025 3:36 pm"
,,,,,,,,,,,,,,,,,,,,,,,,,,,,,"Jan 03, 2025 3:36 pm"
,,,,,,,,,,,,,,,,,,,,,,,,,,,,,"Jan 03, 2025 3:36 pm"
,,,,,,,,,,,,,,,,,,,,,,,,,,,,,"Jan 04, 2025 12:02 am"
,,,,,,,,,,,,,,,,,,,,,,,,,,,,,"Jan 04, 2025 12:02 am"
,,,,,,,,,,,,,,,,,,,,,,,,,,,,,"Jan 04, 2025 12:23 am"
,,,,,,,,,,,,,,,,,,,,,,,,,,,,,"Jan 04, 2025 12:23 am"
,,,,,,,,,,,,,,,,,,,,,,,,,,,,,"Jan 04, 2025 12:25 am"
,,,,,,,,,,,,,,,,,,,,,,,,,,,,,"Jan 04, 2025 12:25 am"
,,,,,,,,,,,,,,,,,,,,,,,,,,,,,"Jan 04, 2025 12:25 am"
,,,,,,,,,,,,,,,,,,,,,,,,,,,,,"Jan 04, 2025 12:26 am"
,,,,,,,,,,,,,,,,,,,,,,,,,,,,,"Jan 04, 2025 12:27 am"
,,,,,,,,,,,,,,,,,,,,,,,,,,,,,"Jan 04, 2025 12:27 am"
,,,,,,,,,,,,,,,,,,,,,,,,,,,,,"Jan 04, 2025 12:27 am"
,,,,,,,,,,,,,,,,,,,,,,,,,,,,,"Jan 04, 2025 12:27 am"
,,,,,,,,,,,,,,,,,,,,,,,,,,,,,"Jan 04, 2025 12:27 am"
,,,,,,,,,,,,,,,,,,,,,,,,,,,,,"Jan 04, 2025 12:28 am"
,,,,,,,,,,,,,,,,,,,,,,,,,,,,,"Jan 04, 2025 12:47 am"
,,,,,,,,,,,,,,,,,,,,,,,,,,,,,"Jan 04, 2025 12:47 am"
,,,,,,,,,,,,,,,,,,,,,,,,,,,,,"Jan 04, 2025 12:47 am"
,,,,,,,,,,,,,,,,,,,,,,,,,,,,,"Jan 04, 2025 3:02 am"
,,,,,,,,,,,,,,,,,,,,,,,,,,,,,"Jan 04, 2025 3:03 am"
,,,,,,,,,,,,,,,,,,,,,,,,,,,,,"Jan 04, 2025 3:03 am"
,,,,,,,,,,,,,,,,,,,,,,,,,,,,,"Jan 04, 2025 3:03 am"
,,,,,,,,,,,,,,,,,,,,,,,,,,,,,"Jan 04, 2025 3:03 am"
,,,,,,,,,,,,,,,,,,,,,,,,,,,,,"Jan 04, 2025 3:03 am"
,,,,,,,,,,,,,,,,,,,,,,,,,,,,,"Jan 04, 2025 3:03 am"
,,,,,,,,,,,,,,,,,,,,,,,,,,,,,"Jan 04, 2025 3:03 am"
,,,,,,,,,,,,,,,,,,,,,,,,,,,,,"Jan 04, 2025 3:03 am"
,,,,,,,,,,,,,,,,,,,,,,,,,,,,,"Jan 04, 2025 3:03 am"
,,,,,,,,,,,,,,,,,,,,,,,,,,,,,"Jan 04, 2025 3:05 am"
,,,,,,,,,,,,,,,,,,,,,,,,,,,,,"Jan 04, 2025 3:05 am"
,,,,,,,,,,,,,,,,,,,,,,,,,,,,,"Jan 04, 2025 3:05 am"
,,,,,,,,,,,,,,,,,,,,,,,,,,,,,"Jan 04, 2025 3:05 am"
,,,,,,,,,,,,,,,,,,,,,,,,,,,,,"Jan 04, 2025 3:05 am"
,,,,,,,,,,,,,,,,,,,,,,,,,,,,,"Jan 04, 2025 3:05 am"
,,,,,,,,,,,,,,,,,,,,,,,,,,,,,"Jan 04, 2025 3:05 am"
,,,,,,,,,,,,,,,,,,,,,,,,,,,,,"Jan 04, 2025 3:05 am"
,,,,,,,,,,,,,,,,,,,,,,,,,,,,,"Jan 04, 2025 3:05 am"
,,,,,,,,,,,,,,,,,,,,,,,,,,,,,"Jan 04, 2025 3:05 am"
,,,,,,,,,,,,,,,,,,,,,,,,,,,,,"Jan 04, 2025 3:06 am"
,,,,,,,,,,,,,,,,,,,,,,,,,,,,,"Jan 04, 2025 3:06 am"
,,,,,,,,,,,,,,,,,,,,,,,,,,,,,"Jan 04, 2025 3:06 am"
,,,,,,,,,,,,,,,,,,,,,,,,,,,,,"Jan 04, 2025 3:07 am"
,,,,,,,,,,,,,,,,,,,,,,,,,,,,,"Jan 04, 2025 3:07 am"
,,,,,,,,,,,,,,,,,,,,,,,,,,,,,"Jan 04, 2025 3:07 am"
,,,,,,,,,,,,,,,,,,,,,,,,,,,,,"Jan 04, 2025 3:07 am"
,,,,,,,,,,,,,,,,,,,,,,,,,,,,,"Jan 04, 2025 3:09 am"
,,,,,,,,,,,,,,,,,,,,,,,,,,,,,"Jan 04, 2025 3:09 am"
,,,,,,,,,,,,,,,,,,,,,,,,,,,,,"Jan 04, 2025 3:09 am"
,,,,,,,,,,,,,,,,,,,,,,,,,,,,,"Jan 04, 2025 3:09 am"
,,,,,,,,,,,,,,,,,,,,,,,,,,,,,"Jan 04, 2025 3:10 am"
,,,,,,,,,,,,,,,,,,,,,,,,,,,,,"Jan 04, 2025 3:10 am"
,,,,,,,,,,,,,,,,,,,,,,,,,,,,,"Jan 04, 2025 3:10 am"
,,,,,,,,,,,,,,,,,,,,,,,,,,,,,"Jan 04, 2025 3:10 am"
,,,,,,,,,,,,,,,,,,,,,,,,,,,,,"Jan 04, 2025 3:10 am"
,,,,,,,,,,,,,,,,,,,,,,,,,,,,,"Jan 04, 2025 3:10 am"
,,,,,,,,,,,,,,,,,,,,,,,,,,,,,"Jan 04, 2025 3:10 am"
,,,,,,,,,,,,,,,,,,,,,,,,,,,,,"Jan 04, 2025 3:10 am"
,,,,,,,,,,,,,,,,,,,,,,,,,,,,,"Jan 04, 2025 3:10 am"
,,,,,,,,,,,,,,,,,,,,,,,,,,,,,"Jan 04, 2025 3:10 am"
,,,,,,,,,,,,,,,,,,,,,,,,,,,,,"Jan 04, 2025 3:11 am"
,,,,,,,,,,,,,,,,,,,,,,,,,,,,,"Jan 04, 2025 3:11 am"
,,,,,,,,,,,,,,,,,,,,,,,,,,,,,"Jan 04, 2025 3:11 am"
,,,,,,,,,,,,,,,,,,,,,,,,,,,,,"Jan 04, 2025 3:11 am"
,,,,,,,,,,,,,,,,,,,,,,,,,,,,,"Jan 04, 2025 3:31 am"
,,,,,,,,,,,,,,,,,,,,,,,,,,,,,"Jan 04, 2025 3:31 am"
,,,,,,,,,,,,,,,,,,,,,,,,,,,,,"Jan 04, 2025 3:33 am"
,,,,,,,,,,,,,,,,,,,,,,,,,,,,,"Jan 04, 2025 3:33 am"
,,,,,,,,,,,,,,,,,,,,,,,,,,,,,"Jan 04, 2025 3:34 am"
,,,,,,,,,,,,,,,,,,,,,,,,,,,,,"Jan 04, 2025 3:34 am"
,,,,,,,,,,,,,,,,,,,,,,,,,,,,,"Jan 04, 2025 3:34 am"
,,,,,,,,,,,,,,,,,,,,,,,,,,,,,"Jan 04, 2025 3:35 am"
,,,,,,,,,,,,,,,,,,,,,,,,,,,,,"Jan 04, 2025 3:47 am"
,,,,,,,,,,,,,,,,,,,,,,,,,,,,,"Jan 04, 2025 3:47 am"
,,,,,,,,,,,,,,,,,,,,,,,,,,,,,"Jan 04, 2025 3:47 am"
,,,,,,,,,,,,,,,,,,,,,,,,,,,,,"Jan 04, 2025 3:48 am"
,,,,,,,,,,,,,,,,,,,,,,,,,,,,,"Jan 04, 2025 3:48 am"
,,,,,,,,,,,,,,,,,,,,,,,,,,,,,"Jan 04, 2025 3:48 am"
,,,,,,,,,,,,,,,,,,,,,,,,,,,,,"Jan 04, 2025 4:00 am"
,,,,,,,,,,,,,,,,,,,,,,,,,,,,,"Jan 04, 2025 4:02 am"
,,,,,,,,,,,,,,,,,,,,,,,,,,,,,"Jan 04, 2025 4:02 am"
,,,,,,,,,,,,,,,,,,,,,,,,,,,,,"Jan 04, 2025 4:02 am"
,,,,,,,,,,,,,,,,,,,,,,,,,,,,,"Jan 04, 2025 4:03 am"
,,,,,,,,,,,,,,,,,,,,,,,,,,,,,"Jan 04, 2025 4:03 am"
,,,,,,,,,,,,,,,,,,,,,,,,,,,,,"Jan 04, 2025 4:03 am"
,,,,,,,,,,,,,,,,,,,,,,,,,,,,,"Jan 04, 2025 4:03 am"
,,,,,,,,,,,,,,,,,,,,,,,,,,,,,"Jan 04, 2025 4:03 am"
,,,,,,,,,,,,,,,,,,,,,,,,,,,,,"Jan 04, 2025 4:05 am"
,,,,,,,,,,,,,,,,,,,,,,,,,,,,,"Jan 04, 2025 4:05 am"
,,,,,,,,,,,,,,,,,,,,,,,,,,,,,"Jan 04, 2025 4:05 am"
,,,,,,,,,,,,,,,,,,,,,,,,,,,,,"Jan 04, 2025 4:05 am"
,,,,,,,,,,,,,,,,,,,,,,,,,,,,,"Jan 04, 2025 4:05 am"
,,,,,,,,,,,,,,,,,,,,,,,,,,,,,"Jan 04, 2025 4:05 am"
,,,,,,,,,,,,,,,,,,,,,,,,,,,,,"Jan 04, 2025 4:05 am"
,,,,,,,,,,,,,,,,,,,,,,,,,,,,,"Jan 04, 2025 4:09 am"
,,,,,,,,,,,,,,,,,,,,,,,,,,,,,"Jan 04, 2025 4:09 am"
,,,,,,,,,,,,,,,,,,,,,,,,,,,,,"Jan 04, 2025 4:09 am"
,,,,,,,,,,,,,,,,,,,,,,,,,,,,,"Jan 04, 2025 4:09 am"
,,,,,,,,,,,,,,,,,,,,,,,,,,,,,"Jan 04, 2025 4:09 am"
,,,,,,,,,,,,,,,,,,,,,,,,,,,,,"Jan 04, 2025 4:09 am"
,,,,,,,,,,,,,,,,,,,,,,,,,,,,,"Jan 04, 2025 4:37 am"
,,,,,,,,,,,,,,,,,,,,,,,,,,,,,"Jan 04, 2025 6:05 am"
,,,,,,,,,,,,,,,,,,,,,,,,,,,,,"Jan 04, 2025 6:06 am"
,,,,,,,,,,,,,,,,,,,,,,,,,,,,,"Jan 04, 2025 6:23 am"
,,,,,,,,,,,,,,,,,,,,,,,,,,,,,"Jan 04, 2025 6:23 am"
,,,,,,,,,,,,,,,,,,,,,,,,,,,,,"Jan 04, 2025 6:23 am"
,,,,,,,,,,,,,,,,,,,,,,,,,,,,,"Jan 04, 2025 6:23 am"
,,,,,,,,,,,,,,,,,,,,,,,,,,,,,"Jan 04, 2025 6:23 am"
,,,,,,,,,,,,,,,,,,,,,,,,,,,,,"Jan 04, 2025 6:23 am"
,,,,,,,,,,,,,,,,,,,,,,,,,,,,,"Jan 04, 2025 6:23 am"
,,,,,,,,,,,,,,,,,,,,,,,,,,,,,"Jan 04, 2025 6:23 am"
,,,,,,,,,,,,,,,,,,,,,,,,,,,,,"Jan 04, 2025 6:23 am"
,,,,,,,,,,,,,,,,,,,,,,,,,,,,,"Jan 04, 2025 6:23 am"
,,,,,,,,,,,,,,,,,,,,,,,,,,,,,"Jan 04, 2025 6:23 am"
,,,,,,,,,,,,,,,,,,,,,,,,,,,,,"Jan 04, 2025 6:24 am"
,,,,,,,,,,,,,,,,,,,,,,,,,,,,,"Jan 04, 2025 6:24 am"
,,,,,,,,,,,,,,,,,,,,,,,,,,,,,"Jan 04, 2025 6:25 am"
,,,,,,,,,,,,,,,,,,,,,,,,,,,,,"Jan 04, 2025 6:25 am"
,,,,,,,,,,,,,,,,,,,,,,,,,,,,,"Jan 04, 2025 6:25 am"
,,,,,,,,,,,,,,,,,,,,,,,,,,,,,"Jan 04, 2025 6:45 am"
,,,,,,,,,,,,,,,,,,,,,,,,,,,,,"Jan 04, 2025 6:45 am"
,,,,,,,,,,,,,,,,,,,,,,,,,,,,,"Jan 04, 2025 6:56 am"
,,,,,,,,,,,,,,,,,,,,,,,,,,,,,"Jan 04, 2025 6:56 am"
,,,,,,,,,,,,,,,,,,,,,,,,,,,,,"Jan 04, 2025 7:29 am"
,,,,,,,,,,,,,,,,,,,,,,,,,,,,,"Jan 04, 2025 7:29 am"
,,,,,,,,,,,,,,,,,,,,,,,,,,,,,"Jan 04, 2025 7:31 am"
,,,,,,,,,,,,,,,,,,,,,,,,,,,,,"Jan 04, 2025 10:19 am"
,,,,,,,,,,,,,,,,,,,,,,,,,,,,,"Jan 04, 2025 11:28 am"
,,,,,,,,,,,,,,,,,,,,,,,,,,,,,"Jan 04, 2025 1:36 pm"
,,,,,,,,,,,,,,,,,,,,,,,,,,,,,"Jan 04, 2025 1:36 pm"
,,,,,,,,,,,,,,,,,,,,,,,,,,,,,"Jan 04, 2025 1:36 pm"
,,,,,,,,,,,,,,,,,,,,,,,,,,,,,"Jan 04, 2025 1:54 pm"
,,,,,,,,,,,,,,,,,,,,,,,,,,,,,"Jan 04, 2025 5:46 pm"
,,,,,,,,,,,,,,,,,,,,,,,,,,,,,"Jan 04, 2025 5:46 pm"
,,,,,,,,,,,,,,,,,,,,,,,,,,,,,"Jan 04, 2025 5:46 pm"
,,,,,,,,,,,,,,,,,,,,,,,,,,,,,"Jan 04, 2025 5:46 pm"
,,,,,,,,,,,,,,,,,,,,,,,,,,,,,"Jan 05, 2025 2:58 am"
,,,,,,,,,,,,,,,,,,,,,,,,,,,,,"Jan 05, 2025 2:59 am"
,,,,,,,,,,,,,,,,,,,,,,,,,,,,,"Jan 05, 2025 6:29 am"
,,,,,,,,,,,,,,,,,,,,,,,,,,,,,"Jan 05, 2025 6:29 am"
,,,,,,,,,,,,,,,,,,,,,,,,,,,,,"Jan 05, 2025 6:34 am"
,,,,,,,,,,,,,,,,,,,,,,,,,,,,,"Jan 05, 2025 6:34 am"
,,,,,,,,,,,,,,,,,,,,,,,,,,,,,"Jan 05, 2025 7:29 am"
,,,,,,,,,,,,,,,,,,,,,,,,,,,,,"Jan 05, 2025 7:29 am"
,,,,,,,,,,,,,,,,,,,,,,,,,,,,,"Jan 05, 2025 8:00 am"
,,,,,,,,,,,,,,,,,,,,,,,,,,,,,"Jan 05, 2025 8:00 am"
,,,,,,,,,,,,,,,,,,,,,,,,,,,,,"Jan 05, 2025 11:15 am"
,,,,,,,,,,,,,,,,,,,,,,,,,,,,,"Jan 05, 2025 11:15 am"
,,,,,,,,,,,,,,,,,,,,,,,,,,,,,"Jan 05, 2025 11:16 am"
,,,,,,,,,,,,,,,,,,,,,,,,,,,,,"Jan 05, 2025 11:17 am"
,,,,,,,,,,,,,,,,,,,,,,,,,,,,,"Jan 05, 2025 11:17 am"
,,,,,,,,,,,,,,,,,,,,,,,,,,,,,"Jan 05, 2025 11:17 am"
,,,,,,,,,,,,,,,,,,,,,,,,,,,,,"Jan 05, 2025 11:19 am"
,,,,,,,,,,,,,,,,,,,,,,,,,,,,,"Jan 05, 2025 11:19 am"
,,,,,,,,,,,,,,,,,,,,,,,,,,,,,"Jan 05, 2025 11:19 am"
,,,,,,,,,,,,,,,,,,,,,,,,,,,,,"Jan 05, 2025 11:19 am"
,,,,,,,,,,,,,,,,,,,,,,,,,,,,,"Jan 05, 2025 11:20 am"
,,,,,,,,,,,,,,,,,,,,,,,,,,,,,"Jan 05, 2025 11:20 am"
,,,,,,,,,,,,,,,,,,,,,,,,,,,,,"Jan 05, 2025 11:20 am"
,,,,,,,,,,,,,,,,,,,,,,,,,,,,,"Jan 05, 2025 11:20 am"
,,,,,,,,,,,,,,,,,,,,,,,,,,,,,"Jan 05, 2025 11:20 am"
,,,,,,,,,,,,,,,,,,,,,,,,,,,,,"Jan 05, 2025 11:20 am"
,,,,,,,,,,,,,,,,,,,,,,,,,,,,,"Jan 05, 2025 11:20 am"
,,,,,,,,,,,,,,,,,,,,,,,,,,,,,"Jan 05, 2025 11:20 am"
,,,,,,,,,,,,,,,,,,,,,,,,,,,,,"Jan 05, 2025 11:20 am"
,,,,,,,,,,,,,,,,,,,,,,,,,,,,,"Jan 05, 2025 11:20 am"
,,,,,,,,,,,,,,,,,,,,,,,,,,,,,"Jan 05, 2025 11:20 am"
,,,,,,,,,,,,,,,,,,,,,,,,,,,,,"Jan 05, 2025 11:20 am"
,,,,,,,,,,,,,,,,,,,,,,,,,,,,,"Jan 05, 2025 11:20 am"
,,,,,,,,,,,,,,,,,,,,,,,,,,,,,"Jan 05, 2025 11:21 am"
,,,,,,,,,,,,,,,,,,,,,,,,,,,,,"Jan 05, 2025 11:21 am"
,,,,,,,,,,,,,,,,,,,,,,,,,,,,,"Jan 05, 2025 11:21 am"
,,,,,,,,,,,,,,,,,,,,,,,,,,,,,"Jan 05, 2025 11:21 am"
,,,,,,,,,,,,,,,,,,,,,,,,,,,,,"Jan 05, 2025 11:21 am"
,,,,,,,,,,,,,,,,,,,,,,,,,,,,,"Jan 05, 2025 11:22 am"
,,,,,,,,,,,,,,,,,,,,,,,,,,,,,"Jan 05, 2025 1:40 pm"
,,,,,,,,,,,,,,,,,,,,,,,,,,,,,"Jan 05, 2025 1:40 pm"
,,,,,,,,,,,,,,,,,,,,,,,,,,,,,"Jan 05, 2025 1:55 pm"
,,,,,,,,,,,,,,,,,,,,,,,,,,,,,"Jan 05, 2025 1:55 pm"
,,,,,,,,,,,,,,,,,,,,,,,,,,,,,"Jan 05, 2025 1:55 pm"
,,,,,,,,,,,,,,,,,,,,,,,,,,,,,"Jan 05, 2025 1:56 pm"
,,,,,,,,,,,,,,,,,,,,,,,,,,,,,"Jan 05, 2025 1:57 pm"
,,,,,,,,,,,,,,,,,,,,,,,,,,,,,"Jan 05, 2025 1:57 pm"
,,,,,,,,,,,,,,,,,,,,,,,,,,,,,"Jan 05, 2025 1:57 pm"
,,,,,,,,,,,,,,,,,,,,,,,,,,,,,"Jan 05, 2025 1:58 pm"
,,,,,,,,,,,,,,,,,,,,,,,,,,,,,"Jan 05, 2025 1:58 pm"
,,,,,,,,,,,,,,,,,,,,,,,,,,,,,"Jan 05, 2025 1:58 pm"
,,,,,,,,,,,,,,,,,,,,,,,,,,,,,"Jan 05, 2025 1:58 pm"
,,,,,,,,,,,,,,,,,,,,,,,,,,,,,"Jan 05, 2025 3:40 pm"
,,,,,,,,,,,,,,,,,,,,,,,,,,,,,"Jan 05, 2025 3:40 pm"
,,,,,,,,,,,,,,,,,,,,,,,,,,,,,"Jan 05, 2025 3:40 pm"
,,,,,,,,,,,,,,,,,,,,,,,,,,,,,"Jan 05, 2025 3:40 pm"
,,,,,,,,,,,,,,,,,,,,,,,,,,,,,"Jan 05, 2025 5:34 pm"
,,,,,,,,,,,,,,,,,,,,,,,,,,,,,"Jan 05, 2025 5:42 pm"
,,,,,,,,,,,,,,,,,,,,,,,,,,,,,"Jan 05, 2025 6:00 pm"
,,,,,,,,,,,,,,,,,,,,,,,,,,,,,"Jan 05, 2025 6:06 pm"
,,,,,,,,,,,,,,,,,,,,,,,,,,,,,"Jan 05, 2025 6:06 pm"
,,,,,,,,,,,,,,,,,,,,,,,,,,,,,"Jan 05, 2025 6:06 pm"
,,,,,,,,,,,,,,,,,,,,,,,,,,,,,"Jan 05, 2025 6:06 pm"
,,,,,,,,,,,,,,,,,,,,,,,,,,,,,"Jan 05, 2025 6:07 pm"
,,,,,,,,,,,,,,,,,,,,,,,,,,,,,"Jan 05, 2025 6:07 pm"
,,,,,,,,,,,,,,,,,,,,,,,,,,,,,"Jan 05, 2025 6:07 pm"
,,,,,,,,,,,,,,,,,,,,,,,,,,,,,"Jan 05, 2025 6:11 pm"
,,,,,,,,,,,,,,,,,,,,,,,,,,,,,"Jan 05, 2025 6:11 pm"
,,,,,,,,,,,,,,,,,,,,,,,,,,,,,"Jan 05, 2025 6:11 pm"
,,,,,,,,,,,,,,,,,,,,,,,,,,,,,"Jan 05, 2025 6:11 pm"
,,,,,,,,,,,,,,,,,,,,,,,,,,,,,"Jan 05, 2025 6:14 pm"
,,,,,,,,,,,,,,,,,,,,,,,,,,,,,"Jan 05, 2025 6:14 pm"
,,,,,,,,,,,,,,,,,,,,,,,,,,,,,"Jan 06, 2025 2:05 am"
,,,,,,,,,,,,,,,,,,,,,,,,,,,,,"Jan 06, 2025 2:05 am"
,,,,,,,,,,,,,,,,,,,,,,,,,,,,,"Jan 06, 2025 2:05 am"
,,,,,,,,,,,,,,,,,,,,,,,,,,,,,"Jan 06, 2025 2:06 am"
,,,,,,,,,,,,,,,,,,,,,,,,,,,,,"Jan 06, 2025 2:27 am"
,,,,,,,,,,,,,,,,,,,,,,,,,,,,,"Jan 06, 2025 5:10 am"
,,,,,,,,,,,,,,,,,,,,,,,,,,,,,"Jan 06, 2025 5:10 am"
,,,,,,,,,,,,,,,,,,,,,,,,,,,,,"Jan 06, 2025 5:11 am"
,,,,,,,,,,,,,,,,,,,,,,,,,,,,,"Jan 06, 2025 5:11 am"
,,,,,,,,,,,,,,,,,,,,,,,,,,,,,"Jan 06, 2025 5:11 am"
,,,,,,,,,,,,,,,,,,,,,,,,,,,,,"Jan 06, 2025 7:24 am"
,,,,,,,,,,,,,,,,,,,,,,,,,,,,,"Jan 06, 2025 7:24 am"
,,,,,,,,,,,,,,,,,,,,,,,,,,,,,"Jan 06, 2025 7:24 am"
,,,,,,,,,,,,,,,,,,,,,,,,,,,,,"Jan 06, 2025 7:24 am"
,,,,,,,,,,,,,,,,,,,,,,,,,,,,,"Jan 06, 2025 7:25 am"
,,,,,,,,,,,,,,,,,,,,,,,,,,,,,"Jan 06, 2025 7:25 am"
,,,,,,,,,,,,,,,,,,,,,,,,,,,,,"Jan 06, 2025 7:25 am"
,,,,,,,,,,,,,,,,,,,,,,,,,,,,,"Jan 06, 2025 7:25 am"
,,,,,,,,,,,,,,,,,,,,,,,,,,,,,"Jan 06, 2025 7:25 am"
,,,,,,,,,,,,,,,,,,,,,,,,,,,,,"Jan 06, 2025 9:55 am"
,,,,,,,,,,,,,,,,,,,,,,,,,,,,,"Jan 06, 2025 9:55 am"
,,,,,,,,,,,,,,,,,,,,,,,,,,,,,"Jan 06, 2025 9:55 am"
,,,,,,,,,,,,,,,,,,,,,,,,,,,,,"Jan 06, 2025 10:56 am"
,,,,,,,,,,,,,,,,,,,,,,,,,,,,,"Jan 06, 2025 10:56 am"
,,,,,,,,,,,,,,,,,,,,,,,,,,,,,"Jan 06, 2025 11:36 am"
,,,,,,,,,,,,,,,,,,,,,,,,,,,,,"Jan 06, 2025 12:55 pm"
,,,,,,,,,,,,,,,,,,,,,,,,,,,,,"Jan 06, 2025 12:55 pm"
,,,,,,,,,,,,,,,,,,,,,,,,,,,,,"Jan 06, 2025 12:56 pm"
,,,,,,,,,,,,,,,,,,,,,,,,,,,,,"Jan 06, 2025 12:57 pm"
,,,,,,,,,,,,,,,,,,,,,,,,,,,,,"Jan 06, 2025 12:57 pm"
,,,,,,,,,,,,,,,,,,,,,,,,,,,,,"Jan 06, 2025 12:57 pm"
,,,,,,,,,,,,,,,,,,,,,,,,,,,,,"Jan 06, 2025 12:57 pm"
,,,,,,,,,,,,,,,,,,,,,,,,,,,,,"Jan 06, 2025 3:38 pm"
,,,,,,,,,,,,,,,,,,,,,,,,,,,,,"Jan 06, 2025 3:38 pm"
,,,,,,,,,,,,,,,,,,,,,,,,,,,,,"Jan 06, 2025 3:39 pm"
,,,,,,,,,,,,,,,,,,,,,,,,,,,,,"Jan 06, 2025 11:01 pm"
,,,,,,,,,,,,,,,,,,,,,,,,,,,,,"Jan 06, 2025 11:58 pm"
,,,,,,,,,,,,,,,,,,,,,,,,,,,,,"Jan 06, 2025 11:58 pm"
,,,,,,,,,,,,,,,,,,,,,,,,,,,,,"Jan 06, 2025 11:58 pm"
,,,,,,,,,,,,,,,,,,,,,,,,,,,,,"Jan 07, 2025 1:05 am"
,,,,,,,,,,,,,,,,,,,,,,,,,,,,,"Jan 07, 2025 1:05 am"
,,,,,,,,,,,,,,,,,,,,,,,,,,,,,"Jan 07, 2025 1:05 am"
,,,,,,,,,,,,,,,,,,,,,,,,,,,,,"Jan 07, 2025 6:48 am"
,,,,,,,,,,,,,,,,,,,,,,,,,,,,,"Jan 07, 2025 6:49 am"
,,,,,,,,,,,,,,,,,,,,,,,,,,,,,"Jan 07, 2025 6:49 am"
,,,,,,,,,,,,,,,,,,,,,,,,,,,,,"Jan 07, 2025 12:08 pm"
,,,,,,,,,,,,,,,,,,,,,,,,,,,,,"Jan 07, 2025 12:09 pm"
,,,,,,,,,,,,,,,,,,,,,,,,,,,,,"Jan 07, 2025 12:53 pm"
,,,,,,,,,,,,,,,,,,,,,,,,,,,,,"Jan 07, 2025 1:13 pm"
,,,,,,,,,,,,,,,,,,,,,,,,,,,,,"Jan 07, 2025 1:59 pm"
,,,,,,,,,,,,,,,,,,,,,,,,,,,,,"Jan 07, 2025 1:59 pm"
,,,,,,,,,,,,,,,,,,,,,,,,,,,,,"Jan 07, 2025 3:25 pm"
,,,,,,,,,,,,,,,,,,,,,,,,,,,,,"Jan 07, 2025 3:25 pm"
,,,,,,,,,,,,,,,,,,,,,,,,,,,,,"Jan 07, 2025 3:25 pm"
,,,,,,,,,,,,,,,,,,,,,,,,,,,,,"Jan 07, 2025 3:50 pm"
,,,,,,,,,,,,,,,,,,,,,,,,,,,,,"Jan 07, 2025 3:50 pm"
,,,,,,,,,,,,,,,,,,,,,,,,,,,,,"Jan 07, 2025 3:50 pm"
,,,,,,,,,,,,,,,,,,,,,,,,,,,,,"Jan 07, 2025 11:20 pm"
,,,,,,,,,,,,,,,,,,,,,,,,,,,,,"Jan 07, 2025 11:20 pm"
,,,,,,,,,,,,,,,,,,,,,,,,,,,,,"Jan 07, 2025 11:20 pm"
,,,,,,,,,,,,,,,,,,,,,,,,,,,,,"Jan 08, 2025 12:23 am"
,,,,,,,,,,,,,,,,,,,,,,,,,,,,,"Jan 08, 2025 12:31 am"
,,,,,,,,,,,,,,,,,,,,,,,,,,,,,"Jan 08, 2025 12:33 am"
,,,,,,,,,,,,,,,,,,,,,,,,,,,,,"Jan 08, 2025 12:33 am"
,,,,,,,,,,,,,,,,,,,,,,,,,,,,,"Jan 08, 2025 12:34 am"
,,,,,,,,,,,,,,,,,,,,,,,,,,,,,"Jan 08, 2025 12:34 am"
,,,,,,,,,,,,,,,,,,,,,,,,,,,,,"Jan 08, 2025 12:34 am"
,,,,,,,,,,,,,,,,,,,,,,,,,,,,,"Jan 08, 2025 12:35 am"
,,,,,,,,,,,,,,,,,,,,,,,,,,,,,"Jan 08, 2025 12:35 am"
,,,,,,,,,,,,,,,,,,,,,,,,,,,,,"Jan 08, 2025 12:36 am"
,,,,,,,,,,,,,,,,,,,,,,,,,,,,,"Jan 08, 2025 12:36 am"
,,,,,,,,,,,,,,,,,,,,,,,,,,,,,"Jan 08, 2025 12:36 am"
,,,,,,,,,,,,,,,,,,,,,,,,,,,,,"Jan 08, 2025 2:21 am"
,,,,,,,,,,,,,,,,,,,,,,,,,,,,,"Jan 08, 2025 2:22 am"
,,,,,,,,,,,,,,,,,,,,,,,,,,,,,"Jan 08, 2025 2:22 am"
,,,,,,,,,,,,,,,,,,,,,,,,,,,,,"Jan 08, 2025 2:23 am"
,,,,,,,,,,,,,,,,,,,,,,,,,,,,,"Jan 08, 2025 2:23 am"
,,,,,,,,,,,,,,,,,,,,,,,,,,,,,"Jan 08, 2025 2:23 am"
,,,,,,,,,,,,,,,,,,,,,,,,,,,,,"Jan 08, 2025 2:26 am"
,,,,,,,,,,,,,,,,,,,,,,,,,,,,,"Jan 08, 2025 2:28 am"
,,,,,,,,,,,,,,,,,,,,,,,,,,,,,"Jan 08, 2025 2:30 am"
,,,,,,,,,,,,,,,,,,,,,,,,,,,,,"Jan 08, 2025 2:30 am"
,,,,,,,,,,,,,,,,,,,,,,,,,,,,,"Jan 08, 2025 2:56 am"
,,,,,,,,,,,,,,,,,,,,,,,,,,,,,"Jan 08, 2025 2:56 am"
,,,,,,,,,,,,,,,,,,,,,,,,,,,,,"Jan 08, 2025 2:56 am"
,,,,,,,,,,,,,,,,,,,,,,,,,,,,,"Jan 08, 2025 2:56 am"
,,,,,,,,,,,,,,,,,,,,,,,,,,,,,"Jan 08, 2025 2:56 am"
,,,,,,,,,,,,,,,,,,,,,,,,,,,,,"Jan 08, 2025 2:56 am"
,,,,,,,,,,,,,,,,,,,,,,,,,,,,,"Jan 08, 2025 4:33 am"
,,,,,,,,,,,,,,,,,,,,,,,,,,,,,"Jan 08, 2025 4:34 am"
,,,,,,,,,,,,,,,,,,,,,,,,,,,,,"Jan 08, 2025 4:34 am"
,,,,,,,,,,,,,,,,,,,,,,,,,,,,,"Jan 08, 2025 4:35 am"
,,,,,,,,,,,,,,,,,,,,,,,,,,,,,"Jan 08, 2025 4:35 am"
,,,,,,,,,,,,,,,,,,,,,,,,,,,,,"Jan 08, 2025 4:35 am"
,,,,,,,,,,,,,,,,,,,,,,,,,,,,,"Jan 08, 2025 4:35 am"
,,,,,,,,,,,,,,,,,,,,,,,,,,,,,"Jan 08, 2025 4:37 am"
,,,,,,,,,,,,,,,,,,,,,,,,,,,,,"Jan 08, 2025 4:37 am"
,,,,,,,,,,,,,,,,,,,,,,,,,,,,,"Jan 08, 2025 4:37 am"
,,,,,,,,,,,,,,,,,,,,,,,,,,,,,"Jan 08, 2025 4:37 am"
,,,,,,,,,,,,,,,,,,,,,,,,,,,,,"Jan 08, 2025 4:37 am"
,,,,,,,,,,,,,,,,,,,,,,,,,,,,,"Jan 08, 2025 4:38 am"
,,,,,,,,,,,,,,,,,,,,,,,,,,,,,"Jan 08, 2025 4:38 am"
,,,,,,,,,,,,,,,,,,,,,,,,,,,,,"Jan 08, 2025 4:38 am"
,,,,,,,,,,,,,,,,,,,,,,,,,,,,,"Jan 08, 2025 4:38 am"
,,,,,,,,,,,,,,,,,,,,,,,,,,,,,"Jan 08, 2025 4:38 am"
,,,,,,,,,,,,,,,,,,,,,,,,,,,,,"Jan 08, 2025 4:38 am"
,,,,,,,,,,,,,,,,,,,,,,,,,,,,,"Jan 08, 2025 4:38 am"
,,,,,,,,,,,,,,,,,,,,,,,,,,,,,"Jan 08, 2025 4:38 am"
,,,,,,,,,,,,,,,,,,,,,,,,,,,,,"Jan 08, 2025 5:17 am"
,,,,,,,,,,,,,,,,,,,,,,,,,,,,,"Jan 08, 2025 5:17 am"
,,,,,,,,,,,,,,,,,,,,,,,,,,,,,"Jan 08, 2025 5:17 am"
,,,,,,,,,,,,,,,,,,,,,,,,,,,,,"Jan 08, 2025 5:17 am"
,,,,,,,,,,,,,,,,,,,,,,,,,,,,,"Jan 08, 2025 5:19 am"
,,,,,,,,,,,,,,,,,,,,,,,,,,,,,"Jan 08, 2025 6:36 am"
,,,,,,,,,,,,,,,,,,,,,,,,,,,,,"Jan 08, 2025 7:17 am"
,,,,,,,,,,,,,,,,,,,,,,,,,,,,,"Jan 08, 2025 7:17 am"
,,,,,,,,,,,,,,,,,,,,,,,,,,,,,"Jan 08, 2025 7:17 am"
,,,,,,,,,,,,,,,,,,,,,,,,,,,,,"Jan 08, 2025 9:35 am"
,,,,,,,,,,,,,,,,,,,,,,,,,,,,,"Jan 08, 2025 9:35 am"
,,,,,,,,,,,,,,,,,,,,,,,,,,,,,"Jan 08, 2025 9:35 am"
,,,,,,,,,,,,,,,,,,,,,,,,,,,,,"Jan 08, 2025 9:35 am"
,,,,,,,,,,,,,,,,,,,,,,,,,,,,,"Jan 08, 2025 9:35 am"
,,,,,,,,,,,,,,,,,,,,,,,,,,,,,"Jan 08, 2025 9:35 am"
,,,,,,,,,,,,,,,,,,,,,,,,,,,,,"Jan 08, 2025 9:35 am"
,,,,,,,,,,,,,,,,,,,,,,,,,,,,,"Jan 08, 2025 9:35 am"
,,,,,,,,,,,,,,,,,,,,,,,,,,,,,"Jan 08, 2025 9:35 am"
,,,,,,,,,,,,,,,,,,,,,,,,,,,,,"Jan 08, 2025 9:37 am"
,,,,,,,,,,,,,,,,,,,,,,,,,,,,,"Jan 08, 2025 9:37 am"
,,,,,,,,,,,,,,,,,,,,,,,,,,,,,"Jan 08, 2025 9:37 am"
,,,,,,,,,,,,,,,,,,,,,,,,,,,,,"Jan 08, 2025 9:37 am"
,,,,,,,,,,,,,,,,,,,,,,,,,,,,,"Jan 08, 2025 9:41 am"
,,,,,,,,,,,,,,,,,,,,,,,,,,,,,"Jan 08, 2025 9:42 am"
,,,,,,,,,,,,,,,,,,,,,,,,,,,,,"Jan 08, 2025 9:42 am"
,,,,,,,,,,,,,,,,,,,,,,,,,,,,,"Jan 08, 2025 9:42 am"
,,,,,,,,,,,,,,,,,,,,,,,,,,,,,"Jan 08, 2025 9:42 am"
,,,,,,,,,,,,,,,,,,,,,,,,,,,,,"Jan 08, 2025 9:42 am"
,,,,,,,,,,,,,,,,,,,,,,,,,,,,,"Jan 08, 2025 9:50 am"
,,,,,,,,,,,,,,,,,,,,,,,,,,,,,"Jan 08, 2025 9:50 am"
,,,,,,,,,,,,,,,,,,,,,,,,,,,,,"Jan 08, 2025 9:50 am"
